1,链家三林房屋置业专家,:6号线灵岩南路站2房5千。距离8/11号线一站换乘。#浦东租房##豆瓣上海租房##上海租房##上海整租##上海租房无中介##上海·三林地区[地点]##上海租房合租# 上海·三林地区 ,05月21日 21:50,0,0,0,0,https://weibo.com/u/6436736819
3,链家三林房屋置业专家,:浦发绿城2079弄婚房装修，11号线浦三路300米#浦东租房##豆瓣上海租房##上海租房##上海整租##上海租房无中介##上海·三林地区[地点]#。2房只要4500，要的速度啦 上海·三林地区 ,05月21日 16:03,0,0,0,0,https://weibo.com/u/6436736819
4,我爱榛子酥,:#上海租房##上海租房无中介##浦东租房##豆瓣浦东租房##上海浦东租房联播# 在秀浦路周园路交叉口处 圣鑫苑整租了126平 三居室 现寻一个妹子一起合租 作息正常 上班族 房子装修比较舒服 室内有健身器材 楼下有橡胶跑道篮球场 步行十分钟大润发 十五分钟健身房仅限女生 爱干净 作息正常 单身（我是女生）,05月21日,0,1,1,6,https://weibo.com/u/3854624662
6,链家三林房屋置业专家,:整租电梯11楼93平三林东站11号线，5700。#浦东租房##上海·三林地区[地点]##豆瓣上海租房##上海租房##上海整租##上海租房无中介# 上海·三林地区 ,05月19日 21:56,0,0,0,1,https://weibo.com/u/6436736819
8,风口的哈士奇,:（个人转租）康桥地区周康新苑转租 ，光线好通风好， 拎包入住，青客的房子，合同没到期，个人转租，无中介，因工作原因转租，公交很多，地铁11号线，一个人住完美，因为是青客的房子（租的早，价格低，现在同房型价格比我的高），所以不谈价，1415包水网，电费自付！不收取物业费，电梯费，房租月付，随时可入住，近11号线御桥@浦东新区租房 @上海租房无中介联盟 @上海浦东租房互助 @上海租房 @豆瓣浦东租房 @上海浦东租房 #浦东租房##上海租房##康桥租房##豆瓣上海租房##应届毕业生上海租房##上海租房无中介##上海浦东租房联播##上海租房合租#,05月19日 21:13,0,0,1,1,https://weibo.com/u/3641734291
9,用户0603851755,:#上海合租##上海租房无中介##浦东租房#@上海浦东租房联播 #嗨住上海租房##上海合租##上海租房##上海合租找室友# @上海租房 @上海租房无中介 @上海租房知道 @上海租房信息 @看房狗上海租房 @互助找房频道 @互助租房 @魔都租房 @上海租房无中介联盟 @上海租房合租公寓 @上海租房吧 @嗨住租房 @zuber-上海租房 有没有女生一起合租在13号线祁连山南路和真北路附近的？,05月19日,0,0,0,0,https://weibo.com/u/6323875066
11,上海租房专属,:【无中介费】转租。6号线东靖路附近，海韵茗庭精装一室户，因工作调动，特意转租。 转租价2500，好房不等人，看中速速联系。 #上海租房##浦东租房##豆瓣上海租房##无中介费##上海·高行[地点]# ,05月19日 12:01,0,1,0,4,https://weibo.com/u/3860915968
13,用户5311986500,:#上海合租##上海租房无中介##浦东租房#@上海浦东租房联播 #嗨住上海租房##上海合租##上海租房##上海合租找室友# @上海租房 @上海租房无中介 @上海租房知道 @上海租房信息 @看房狗上海租房 @互助找房频道 @互助租房 @魔都租房 @上海租房无中介联盟 @上海租房合租公寓 @上海租房吧 @嗨住租房 @zuber-上海租房 招室友咯 限女生男生勿扰，随时可以入住，坐标：地铁8号线芦恒路站5分钟可达，东方康安家园朝南次卧（全新装修）房子房东直租，精装全配拎包入住周边配套设施齐全，门口就有生鲜超市一应俱全，周边餐饮娱乐健身房等等……看中联系我[微笑]月租1900元押一付一,05月19日 01:37,0,0,0,0,https://weibo.com/u/5311986500
15,用户5311986500,:#薛之谦我好像在哪见过你演唱会##上海合租##上海租房无中介##浦东租房#@上海浦东租房联播 #嗨住上海租房##上海合租##上海租房##上海合租找室友# @上海租房 @上海租房无中介 @上海租房知道 @上海租房信息 @看房狗上海租房 @互助找房频道 @互助租房 @魔都租房 @上海租房无中介联盟 @上海租房合租公寓 @上海租房吧 @嗨住租房 @zuber-上海租房 招室友咯 限女生男生勿扰，随时可以入住，坐标：地铁8号线芦恒路站5分钟可达，东方康安家园朝南次卧（新房全新装修），房子房东直租，精装全配拎包入住周边配套设施齐全，门口就有生鲜超市一应俱全，周边餐饮娱乐健身房等等……看中联系我[微笑]月租1900元押一付一（现在有一位小姐姐合同到期）,05月19日 01:29,0,0,0,0,https://weibo.com/u/5311986500
17,shuhan_Y,:#上海租房##浦东租房##豆瓣上海租房# 【找室友，限女生1人】浦东潍坊新村中层二室，蓝带斜对面，室友工作原因搬走，15平朝南，新装修已散味，不靠马路，全新家用电器；1分钟出门即公交车站，5分钟步行至菜场，附近地铁2469号线，2800押一付三，另水电煤气实用实缴，宽带每月50。租期至少半年，入住时间可商定，要求不养宠物不吸烟不带异性过夜 http://t.cn/Ryhpqpe,05月17日 18:55,0,2,3,1,https://weibo.com/u/2829713117
18,最新影院资源,:(租)思浦小区 2室1厅1卫 #上海租房##上海三林租房##浦东三林租房##浦东三林杨思路##浦东租房##三林租房# http://t.cn/R30IxdZ ,05月17日,0,0,0,2,https://weibo.com/u/5677879140
20,如风似雨v,:#川沙地铁站##浦东租房##上海租房# 浦东2号线川沙地铁站，次卧1800出租，无中介费，(现在一个妹纸在住，大概五月20左右空出来)，地铁口，小区叫 界龙花苑，到地铁站三四分钟，两室一厅一卫一厨的房子（精装94平），养了一只五个月大的萨摩耶，狗狗很乖，不会随地大小便，平时在我们卧室养着不会打扰到你，有需要合租的加我微信iloacc，或者电话17602185301。@上海租房无中介联盟 @上海租房君 @zuber上海租房 @应届毕业生上海租房 @豆瓣上海租房 @上海租房 http://t.cn/RVJk9aF,05月15日 17:44,0,0,3,7,https://weibo.com/u/5112413558
22,我想跟马云肩并肩,:浦东新区 精装修两房两厅 地铁口8号线 周边配套齐全 #上海租房##浦东租房##世博园# ,05月15日 12:16,0,1,0,7,https://weibo.com/u/5902583441
24,我想跟马云肩并肩,:浦东新区 长清路地铁口一居室 全智能家电 看中价格可谈#浦东租房##上海租房##世博园# ,05月14日 20:17,0,0,0,4,https://weibo.com/u/5902583441
26,无相_吃吃喝喝玩玩,:【上海转租】【上海合租】【男女不限】【浦东新区张江】因为工作原因现在要换地方住了，所以要把住的房子转出去。合租的是两个小姐姐，住在隔壁房间，平时也不怎么出房门，卫生间是跟两个小姐姐共用。价格：每月1900 押一付一，合同到9月10号，三个半月正好是短租，不想租就不续租了，想继续住跟房东说就好，隔壁的小姐姐都住3.4年了，入住时间6.10，如果你想提前住也可以，我们可以商量，其实我随时可以走，水和网免费，电费和隔壁屋小姐姐平摊。房间：我也分不清是不是朝南的，反正只要是晴天，每天都会有阳光洒进来，带了一个不算小的飘窗，一张双人床，有衣柜有桌子椅子，外面厅有冰箱，厕所有洗衣机。地址：上海市浦东新区张江玉兰香苑四期，近上海地铁2号线广兰路，公交车到地铁站平均15分钟车程，不堵车的话10分钟就到了，门口就是公交车站，5分钟来一次车，小区门口也有很多共享单车，出行非常方便。周边：离家200米左右的地方就是家乐福 肯德基，买东西非常方便，然后离家前一站，大概300米左右，是一个全是卖吃的地方，烧烤店快餐店奶茶店药店水果店应有尽有，如果你不想走300米，从后门走出去也都是卖吃的地方。关于看房子：虽然我平时上班，但是我家里人来上海住一阵，所以想看房子随时都可以。还有不清楚的可以私信问我。#上海租房# #上海短租房# #上海转租# #浦东租房# #豆瓣上海租房# #豆瓣租房# @上海租房 @魔都租房 @上海无中介租房 @应届毕业生上海租房 @上海租房无中介联盟,05月14日 13:53,0,4,21,12,https://weibo.com/u/1882474023
28,scxn,:#上海租房##浦东租房##豆瓣上海租房##豆瓣浦东租房# 转租16号线鹤沙航城地铁站旁瑞馨苑小区两室两厅的次卧，价格1300块，水电煤根据账单另外交。主卧住一对情侣，次卧要求是一个女生，讲卫生，无不良嗜好。 上海·瑞馨苑 ,05月13日 11:35,0,0,0,7,https://weibo.com/u/2995035537
29,你才没有肚脐眼,:浦东新区求一居室！不要隔断！在十一号线三林、三林东、浦三路、御桥、罗山、秀沿、康新公路沿站都可以！@上海租房吧 @魔都租房 @上海无中介租房 @上海租房无中介联盟 @上海租房 #上海租房##浦东租房##上海租房信息##上海租房互助#@zuber上海租房 @房天下上海租房 @上海租房联播 @互助租房 @互助找房频道 @上海租房互助 谢谢[作揖],05月13日,0,0,2,15,https://weibo.com/alicefye
31,上海租房专属,:2号线两室整租#浦东租房##上海租房##豆瓣上海租房# 个人房源转租#无中介费# 小姐姐因为工作调动，故忍痛割爱。重点来了，兰花小区，两室一厅一卫，2号线世纪公园地铁站附近，步行七八分钟即可到达。  ,05月12日 14:57,0,2,0,7,https://weibo.com/u/3860915968
33,上海租房专属,:#浦东租房##豆瓣上海租房##上海租房# 9号线泗泾站412米 万业梦立方 独立卫生间 交通便利 温馨舒适[二哈][二哈]  ,05月12日 12:24,0,1,1,2,https://weibo.com/u/3860915968
35,我想跟马云肩并肩,:浦东新区 杨思路8号线 精装修三房 首次出租 报价7400价格好谈#浦东租房##上海租房##世博园# ,05月11日 10:42,0,0,0,0,https://weibo.com/u/5902583441
37,奉微为主,:#豆瓣租房# #浦东租房# #上海租房# 上海租房浦东新区六号线德平路500米，直达世纪大道十分钟，此房为一室一厅整租朝南户型，54平，中低楼层，精装全配，欢迎咨询。[喵喵][喵喵][喵喵] ,05月09日 20:20,0,2,0,24,https://weibo.com/u/6467327569
38,Yufee要上进,:工作变动需要再浦东租房，有合适房子砸给我呗#上海浦东租房联播##浦东租房##豆瓣浦东租房# ,05月09日,0,0,0,2,https://weibo.com/u/2313260130
39,上海租房专属,浦东租房# #豆瓣上海租房# #上海租房#,05月07日,1,0,0,2,https://weibo.com/u/3860915968
41,上海租房专属,:#浦东租房##豆瓣上海租房##上海租房# 9号线泗泾站412米 万业梦立方 独立卫生间 交通便利，温馨舒适 海门·三和镇 ,05月07日 15:04,0,0,0,4,https://weibo.com/u/3860915968
43,我想跟马云肩并肩,:浦东新区 上南二村 耀华路78号线 中上装修一室户#浦东租房##上海租房##世博园# 上海·德州三村 ,05月07日 14:42,0,0,0,6,https://weibo.com/u/5902583441
44,满脑子薛谦谦,:#上海租房##上海转租##浦东租房# 求上海曹路的房子，预算1400以下，干净，公共厨房，有的带图和价格联系，谢谢！ ,05月07日,0,1,3,7,https://weibo.com/u/5268197921
46,上海租房专属,:#浦东租房##豆瓣上海租房##上海租房# 6 号线港城路站539米港城新苑，独立大阳台，温馨舒适，拎包入住。濒临外高桥保税区，交通便利，购物方便。 上海·高行镇 ,05月06日 20:26,0,2,0,9,https://weibo.com/u/3860915968
48,上海租房专属,:#上海租房##浦东租房##豆瓣上海租房# 6号地铁线东靖站浦江东旭公寓，离地铁站近5分钟。豪华装修，观景阳台，拎包入住，你值得拥有！ 上海·高行镇 ,05月05日 21:19,0,1,0,4,https://weibo.com/u/3860915968
50,豌豆众创基地,:这辈子，做不了男女朋友，做不了前任，做不了夫妻，做不了同学，你能不能给我个机会？做我的客户，我宠你[害羞]#上海租房##上海浦东租房##浦东租房##上海松江租房##上海嘉定租房##上海租房大家帮##上海租房非中介##上海豌豆# ,05月03日 17:38,0,0,0,0,https://weibo.com/u/5627607851
52,我想跟马云肩并肩,:浦东新区 上钢八村 南北两房 长清路地铁口 价格实惠 #浦东租房##上海租房##世博园# ,05月03日 17:24,0,0,0,2,https://weibo.com/u/5902583441
54,奉微为主,:#浦东租房# #豆瓣租房# #上海租房# 阳光城modo，2号线唐镇地铁口零距离，一室整租朝南loft户型，电梯房高楼层，欢迎咨询。[喵喵][喵喵][喵喵] ,05月03日 13:58,0,5,0,14,https://weibo.com/u/6467327569
56,上海租房专属,:6号地铁沿线东靖路浦江东旭公寓，可办居住证1990。#浦东租房##上海租房##豆瓣上海租房# ,05月01日 09:14,0,0,1,18,https://weibo.com/u/3860915968
58,上海租房专属,:#浦东租房##上海租房# 6号线东靖路沿线 青租界国际青年旅社，一室户，2280元。 ,04月30日 21:08,0,0,0,15,https://weibo.com/u/3860915968
60,上海租房专属,:#上海租房##租房##真实房源##浦东租房#  为您筛选，各大地铁沿线，优质房源[太开心]求合租，找室友，希望海漂的人都能找到属于自己的小窝[鼓掌][鼓掌]咨询可联系zmna1995 上海·高行 ,04月30日 20:35,0,0,0,15,https://weibo.com/u/3860915968
61,Asia丶空间_,:求租16号线鹤沙航城附近一居室预算2500-2800，要能办居住证的！@上海租房吧 @魔都租房 @上海无中介租房 @上海租房无中介联盟 @上海租房 #上海租房##浦东租房##鹤沙航城##上海租房信息##上海租房互助#@zuber上海租房 @房天下上海租房 @上海租房联播 ，有中介费也没关系~ ,04月29日,0,1,1,3,https://weibo.com/u/2134850753
62,我想跟马云肩并肩,:秒杀房！秒杀房！精装一房一厅！地铁站7/8/13号线！三千多可租！#浦东租房##上海租房##世博园# 我想跟马云肩并肩的秒拍视频 ,04月27日,0,0,0,2,https://weibo.com/u/5902583441
64,HR就是阿冉冉冉冉冉,:个人转租:周浦万达附近一室两厅整租小区公元新村四楼50平精装修，有两张床可当小两房使用，个人转租所以无中介费，民用水电，价格2900随时看房入住。@嗨住租房 @上海租房君 @豆瓣上海租房 @上海租房无中介联盟 #上海租房##浦东租房# ,04月27日 09:39,0,0,1,1,https://weibo.com/u/3296606713
66,超神瑞纳,:#浦东租房##浦东二号线租房##上海浦东租房联播##豆瓣浦东租房##上海浦东租房##闲鱼浦东租房# 短租5-8月房子转租[下]具体信息如图 ,04月26日 10:50,0,0,0,1,https://weibo.com/u/1773717020
68,qylovezzw,:#浦东租房##上海租房##浦东合租# 浦东金樟花苑6号线云山路步行至地铁十分钟，小区前后门都有公交站，房子是两室二厅，房间是之前房东自己住的，第一次出租，装修很好，附近生活很方便，大菜市场，多家超市。现在两面有间房住了一对情侣都是it行业，出租另一家次卧，1800元/月，押一付三@豆瓣上海租房 @豆瓣浦东租房 @上海租房无中介联盟,04月25日 06:54,0,0,0,1,https://weibo.com/u/5602801398
70,奉微为主,:#上海租房# #浦东租房# #无中介租房# #豆瓣租房# 浦东新区金桥东陆新村六街坊小区，近6号线巨峰路、12号线杨高北路地铁站， 此房为两室一厅朝南户型，68平3楼中间楼层。精装修5月23后可租，欢迎咨询。 ,04月23日 11:56,0,1,0,20,https://weibo.com/u/6467327569
71,Aris__chen,:(我有房出租)荷五小区 朝南次卧转租 3室1厅1卫 #浦东租房##上海浦东租房##豆瓣浦东租房# http://t.cn/Ru29kH9 ,04月22日,0,1,0,1,https://weibo.com/u/2150301317
73,奉微为主,:#上海租房# #浦东租房# 浦东新区金杨仙都绿苑一室户整租，浦东大道附近，在建的14号线地铁零距离，配套齐全，此房45平，电梯房5楼，欢迎咨询。 ,04月18日 14:19,0,1,0,6,https://weibo.com/u/6467327569
75,奉微为主,:#上海租房# #浦东租房# 浦东金桥东方丽景小区，小区环境优美，一出南门就是6号线、12号线巨峰路地铁站，此房为两室两厅整租，96平大两房，4楼朝南户型，精装修家具家电全配。 ,04月16日 10:18,0,2,0,25,https://weibo.com/u/6467327569
77,奉微为主,:#上海租房# #浦东租房# #无中介租房#   步行至6号线云山路地铁站800米 ，小区南门步行有赛百味(碧云店) 克莉丝汀(德平路二店)等美食佳肴，还有花鸟市场、龙片甲古玩会舍等休闲去处；除此之外东门左拐还有中国工商银行、中国民生银行等，小区东门距离农工商超市(云山店)、快客便利店(金口店)、家家乐连锁超市步行只需；2站地铁即可到达上海仁济医院。,04月16日 10:14,0,1,0,27,https://weibo.com/u/6467327569
79,奉微为主,:#上海租房# #浦东租房# 浦东金桥浦三小区，距六号线博兴路站500米，直达世纪大道，转12号线方便，此房为两室整租，5楼65平双南户型，精装修家具家电全配，欢迎咨询。 ,04月15日 16:17,0,1,0,8,https://weibo.com/u/6467327569
81,我这么可爱一定能上到钻石吖,:-上海市浦东新区金桥[铁路]2号线广兰路6号线金桥站， V领地公寓（锦绣东路社区）转租！-工作原因，忍痛急转！-2930/月！-Wechat同手机：16602120572-房间及社区详细信息请见图[1]！！！#浦东租房##豆瓣浦东租房##上海浦东租房##浦东新区租房# @豆瓣上海租房 @豆瓣浦东租房 ,04月15日 12:09,0,1,0,3,https://weibo.com/u/6324988741
83,奉微为主,:#上海租房# #浦东租房# 金桥中冶尚城，90平精装修双南两房，  电梯房9楼，采光好，南北通透全明户型，距六号线洲海路500米左右，配合办理居住证停车证，欢迎咨询。 ,04月14日 19:57,0,2,0,2,https://weibo.com/u/6467327569
85,奉微为主,:#上海租房# #浦东租房# 金桥浦三小区，六号线博兴路地铁站500米，两室整租，5楼63平 ，双南户型，精装修家具家电齐全，欢迎咨询。 ,04月14日 19:50,0,2,0,8,https://weibo.com/u/6467327569
87,某科学的某某人,:#上海金杨租房##浦东租房##上海金杨租房##上海租房# 【云山路6号线】金杨二街坊离云山路地铁站仅仅只要两百米，小区周围配套齐全，金杨公园，家乐福，农工商等等。精装修，价格实惠，床可以配。领包入住。家具齐全。价格实惠，随时可以看房。@上海求租 @上海租房 @豆瓣上海租房 ,04月14日 16:32,0,1,0,3,https://weibo.com/u/5777374177
89,我想跟马云肩并肩,:浦东新区 耀华路78号线 精装修一居室40平米 可押一付一 价格好谈#上海租房##浦东租房##世博园# ,04月14日 11:58,0,0,0,2,https://weibo.com/u/5902583441
91,奉微为主,:#上海租房# #浦东租房# 浦东金桥中大苑，近六号线博兴路，一室整租40平，朝南户型，缺的家具家电都会配，有钥匙随时看房，先到先得，3500/月。 ,04月14日 09:44,0,1,0,10,https://weibo.com/u/6467327569
93,奉微为主,:#上海租房# #浦东租房# 浦东新区金桥荷三小区，近六号线博兴路，精装修，公交地铁交通便利，周边配套齐全，此房为两室一厅，6楼57平，4500/月  。 ,04月14日 09:39,0,1,0,10,https://weibo.com/u/6467327569
95,奉微为主,:#上海租房# #浦东租房# 浦东金桥绿城上海御园，近六号线东靖路，豪华配置拎包入住，三房两厅两卫，132平，朝南户型，六楼中间楼层，欢迎咨询。 ,04月13日 11:04,0,1,0,17,https://weibo.com/u/6467327569
97,奉微为主,:#上海租房# #浦东租房# 浦东新区碧云金桥酒店公寓，小区安静环境好，近九号线蓝天站，紧领公交车站交通便利，此房为两室一厅75平，9楼，房东诚心出租，有钥匙随时看房。 ,04月13日 10:59,0,1,1,19,https://weibo.com/u/6467327569
99,御尚坊颜面膜微博,:2号线浦东新区川沙地铁站附近两房转租无中介费，两室一厅一卫双阳台，冰箱，电视，洗衣机，天然气洗澡，一用俱全，到地铁站骑电动车八分钟，小区门口有菜市场生活都很方便，地铁附近有百联购物中心，两个卧室都是朝南的早上阳光很好，由于本人工作变动现在转让出租，非诚勿扰！wx;418485344#浦东租房##上海租房##上海2号线租房#,04月13日 08:40,0,0,0,0,https://weibo.com/u/6079367357
101,豌豆众创基地,:不想网上大海捞针式的找房，不想找中介怎么破？来豌豆公寓吧，上海多区域房源，满足您的多种需求！@#上海租房##上海浦东租房##浦东租房##松江租房##上海松江租房##嘉定租房##上海嘉定租房##上海租房大家帮##上海浦东租房联播##公寓住宅##上海租房找室友##嗨住租房 ##上海魔都租房 ##上海浦东租房联播##上海租房无中介联盟##上海租房非中介##上海租房互助##上海租哪儿##上海租房公益转播##上海豌豆##上海租房信息##求合租！约吗？#@上海租房无中介 @巴乐兔租房管家 @豆瓣电影 @魔都租房 @上海新浪乐居@嗨住租房 @上海魔都租房 @上海浦东租房联播 @上海租房 @上海租房无中介联盟@房天下上海租房,04月12日 11:03,0,0,0,0,https://weibo.com/u/5627607851
102,我想跟马云肩并肩,:浦东新区 德州七村 精装修一房 已经装修好了 随时看房#浦东租房##上海租房##世博园# 我想跟马云肩并肩的秒拍视频 ,04月12日,0,0,0,2,https://weibo.com/u/5902583441
103,丶第一含沛,:您身边的房屋安心管家为您推荐：唐镇最美独卫，带飘窗。4月【女神房】自如管家全天在线服务，生活小助手，你居住房屋的安心管家。#张江租房##自如·精选##唐镇租房# 风格4.0拿铁、面积13.5平方米2号线唐镇·鑫唐佳苑独立卫生间 2530每月二次保洁、及时维修好的生活品质，往往可以带来好运[互粉]管家语录：挣再多的钱，不好好的爱自己，你还在等谁~开启好生活：无中介费，民用水电，已打扫干净随时入住。@嗨住租房 @上海租房君 @豆瓣上海租房 @上海租房无中介联盟 #上海租房##浦东租房#  http://t.cn/z82ZcQx http://t.cn/Rm6wT3Y,04月11日,0,1,0,5,https://weibo.com/u/5420262612
105,豌豆众创基地,:中小企业创业者的福利来啦！地铁11号线附近，大面积200平，价格1.8元/平/月，现房租还可以打五折哦！[偷乐][偷乐]#上海租房##上海浦东租房##浦东租房##松江租房##上海松江租房##嘉定租房##上海嘉定租房##上海租房大家帮##上海浦东租房联播##公寓住宅##上海租房找室友##嗨住租房 ##上海魔都租房 ##上海浦东租房联播##上海租房无中介联盟##上海租房非中介##上海租房互助##上海租哪儿##上海租房公益转播##上海豌豆##上海租房信息##求合租！约吗？#@上海租房无中介 @巴乐兔租房管家 @豆瓣电影 @魔都租房 @上海新浪乐居@嗨住租房 @上海魔都租房 @上海浦东租房联播 @上海租房 @上海租房无中介联盟@房天下上海租房,04月10日 11:19,0,0,0,0,https://weibo.com/u/5627607851
107,我想跟马云肩并肩,:浦东新区 两房一厅 11号线 精装修价格实惠！#上海租房##浦东租房##世博园# 上海·世博园（商圈） ,04月09日 20:23,0,0,0,0,https://weibo.com/u/5902583441
109,上海租房无中介联盟,#上海租房无中介# #住房租赁#   帮转[doge]查找更多房源，可以直接下载房总管租房App~,04月09日 09:54,0,0,0,0,https://weibo.com/u/5129056298
111,我想跟马云肩并肩,:浦东新区 成山路8号线 房东自住装修 装修如图#浦东租房##上海租房##世博园# 上海·世博园（商圈） ,04月08日 12:25,0,0,0,6,https://weibo.com/u/5902583441
113,上海·神漂浪人,:#上海合租##上海租房无中介##浦东租房##上海租房# 有房出租，喜欢的联系我，没你想的那么贵，上传的图片是闵行区的，房租在990到3500之间，其他区域的也有，看见了喜欢的 请告诉我 ,04月07日 19:02,0,1,0,136,https://weibo.com/u/6518535118
115,奉微为主,:#上海租房# #浦东租房#   浦东金桥黄山新苑，小区对面就是久金商场  金桥国际商场购物方便  出行更不用说  小区门口到6号线金桥站4号口只有230米。2室2厅1厨1卫2阳台  朝向主卧朝南，客厅朝南，房型南北通透，精装修，厅宽敞舒适，2个卧室都很大，   房子采光好，小区环境优美，24*治安管理，周围交通方便，购物方便。车位稀松,04月06日 19:06,0,1,0,13,https://weibo.com/u/6467327569
117,丶第一含沛,:2号线唐镇地铁站租房[挤眼]第二弹:#张江租房##自如·精选##唐镇租房# 风格4.0米苏、精装房朝北唐镇价格最性价比一套北卧单间·瀚盛家园三居室合租 1490每月双次保洁、及时维修千里马常有，而伯乐不常有管家语录：听说住进来会找到幸福哦~开启好生活：无中介费，民用水电，已打扫干净随时入住。@嗨住租房 @上海租房君 @豆瓣上海租房 @上海租房无中介联盟 #上海租房##浦东租房# ,04月06日 13:01,0,0,0,1,https://weibo.com/u/5420262612
118,只喝三鹿奶粉,58同城房产季# #安居客10周年# #上海租房# #浦东租房#,04月05日,1,0,0,0,https://weibo.com/u/5873186349
120,丶第一含沛,:2号线唐镇地铁站租房[挤眼]第二弹:#张江租房##自如·精选##唐镇租房# 风格4.0拿铁、精装房朝南阳光一级棒2号线·鑫唐佳苑独立卫生间 2490每月双次保洁、及时维修千里马常有，而伯乐不常有管家语录：听说住进来会找到幸福哦~开启好生活：无中介费，民用水电，已打扫干净随时入住。@嗨住租房 @上海租房君 @豆瓣上海租房 @上海租房无中介联盟 #上海租房##浦东租房# ,04月04日 13:42,0,0,0,10,https://weibo.com/u/5420262612
121,Yiiiinu,:本人96后女生，现求一名能一起合租爱干净的小姐姐，我们也可以一起去找房!希望坐标在浦东新区金桥附近，因为工作地点在由度工坊～刚刚工作，所以理想价在人均2000以内，当然性价比越高越好啦!有意愿的小姐姐私我哦～#上海租房##应届毕业生上海租房##上海合租找室友##上海合租房##上海合租##浦东租房# ,04月03日,0,1,0,3,https://weibo.com/u/2325817752
123,丶第一含沛,:2号线唐镇地铁站租房[挤眼]第二弹:#张江租房##自如·精选##唐镇租房# 风格4.0拿铁、精装房朝南阳光一级棒2号线·金利公寓3居室 1960每月双次保洁、及时维修千里马常有，而伯乐不常有管家语录：听说住进来会找到幸福哦~开启好生活：无中介费，民用水电，已打扫干净随时入住。@嗨住租房 @上海租房君 @豆瓣上海租房 @上海租房无中介联盟 #上海租房##浦东租房# ,04月02日 09:18,0,2,1,7,https://weibo.com/u/5420262612
125,我想跟马云肩并肩,:浦东新区 耀华路78号线 精装修两房 采光充足 可押一付一#浦东租房##上海租房##世博园# ,03月31日 11:23,0,0,0,12,https://weibo.com/u/5902583441
127,探索新零售,:#浦东租房# 周浦镇，瑞阳苑靠近周浦医院，门口就是超市，交通便利。非中介，转租，拎包入住，800押一付三起租。电话:133-0529-0607。 上海·周浦镇 ,03月31日 08:16,0,0,0,4,https://weibo.com/517902567
129,我想跟马云肩并肩,:浦东新区 成山路站8号线 精装修一室半 [来][来][来]#上海租房##浦东租房##世博园# 上海·德州三村 ,03月30日 16:21,0,0,0,2,https://weibo.com/u/5902583441
130,allen疾风,:#浦东租房# 浦东租房，离张江近点，预算1600左右，只要一个单间就行，大小无所谓，1-5在家睡觉，周末基本不在家，很宅的一个人@上海租房 @浦东租房 ,03月25日,0,0,0,0,https://weibo.com/u/5819511121
132,奉微为主,:浦东新区金桥新城，9号线金桥站5分钟，两室两厅大户型，面积105平，5楼电梯房，朝南户型，精装全配，有钥匙随时可看。#上海租房# #浦东租房# ,03月23日 11:30,0,2,0,3,https://weibo.com/u/6467327569
134,奉微为主,:浦东新区金桥荷三小区，距离六号线博兴路十分钟，两室整租67平，五楼，朝南户型，家具家电精装全配，小区环境好，民水民电，性价比高。#上海租房# #浦东租房# ,03月23日 11:23,0,2,0,0,https://weibo.com/u/6467327569
136,奉微为主,:浦东新区金杨新村五街坊，六号线云山路九号线蓝天路之间，两室整租，4楼57平米，朝南户型，全新装修首次出租，看房随时联系#上海租房# #浦东租房# ,03月22日 17:42,0,0,0,3,https://weibo.com/u/6467327569
138,奉微为主,:#上海租房# #浦东租房#  浦东新区金杨大区寺前浜小区，一室整租，4楼50平，朝南户型，精装修，3月27后可入住，看房随时约[喵喵][喵喵][喵喵] ,03月22日 16:42,0,0,0,2,https://weibo.com/u/6467327569
140,丶第一含沛,:2号线唐镇地铁站租房预告:#张江租房##自如·精选#距地铁21m精装Loft2号线·阳光城魔都一居室 5190大落地窗、电动窗帘每个清晨被春光唤醒[樱花]开启好生活：无中介费，民用水电，已打扫干净随时入住。@嗨住租房 @上海租房君 @豆瓣上海租房 @上海租房无中介联盟 #上海租房##浦东租房#  http://t.cn/z82ZcQx,03月20日 20:50,0,2,1,10,https://weibo.com/u/5420262612
141,丶第一含沛,:#浦东租房##唐镇租房# 绿波城超大阳台～家里没得说的干净～三居室 2130 [阴险][阴险]在上海这个魔都打拼这么累！凭什么不对自己好一点！女人！你在等什么？还指望男人嘛？[怒骂][怒骂]#上海·绿波城[地点]#男人！你在想什么？还等着发工资嘛？[鄙视][鄙视] 上海·绿波城 丶第一含沛的秒拍视频 ,03月19日,0,0,0,4,https://weibo.com/u/5420262612
143,我想跟马云肩并肩,:六室两厅两卫 豪华装修 200平米 棒不棒！！！#浦东租房##上海租房##世博园# ,03月18日 17:57,0,2,0,5,https://weibo.com/u/5902583441
145,我想跟马云肩并肩,:出租两房其中主卧带阳台 成山路站8号线 精装修 次卧是个大美女 要求主卧必须一个女生#上海租房##浦东租房##世博园# ,03月18日 09:49,0,0,0,8,https://weibo.com/u/5902583441
147,豌豆众创基地,:翘首东望，时光隧道中正姗姗走来一个晶亮晶亮的日子，让我们轻轻向它招手：新年，你好！新年是过去一年的终点。回顾过去的日子，在一年的三百六十五里路上，尽管有着几多曲折、几多坎坷、几多磨难，但我们已经走过来了，而且毕竟我们已经走到了终点。就像爬山一样，当你沿着陡峭曲折的山路，无比疲惫的爬到顶峰，感受“会当临绝顶，一览众山小”的时候，你的心情一定是难以形容的兴奋和自豪吧。又如跑马拉松赛的运动员，不管能否取得好名次，都是令人钦佩的。是的，面对新年，我们都是胜利者！胜利者，我们在这里等你！豌豆公寓招租热线：021-31216526#上海租房##上海浦东租房##浦东租房##松江租房##上海松江租房##嘉定租房##上海嘉定租房##上海租房大家帮##上海浦东租房联播##公寓住宅##上海租房找室友##嗨住租房 ##上海魔都租房 ##上海浦东租房联播##上海租房无中介联盟##上海租房非中介##上海租房互助##上海租哪儿##上海租房公益转播##上海豌豆##上海租房信息##求合租！约吗？#@上海租房无中介 @巴乐兔租房管家 @豆瓣电影 @魔都租房 @上海新浪乐居@嗨住租房 @上海魔都租房 @上海浦东租房联播 @上海租房 @上海租房无中介联盟@房天下上海租房,03月16日 15:26,0,0,0,0,https://weibo.com/u/5627607851
149,星星新子,:#上海租房##浦东租房##上海租房记# 年前一不小心租了个一室户，房租压力有点大，想找个女室友分担房租。房子一室一厨一卫，有朝南阳台，南北通透。房子新装修，软装都是我自己瞎弄的。房租一人每月两千，包wifi，其他费用（水电气）均摊。 ,03月15日 01:48,0,0,1,7,https://weibo.com/u/5146158242
151,我想跟马云肩并肩,:浦东新区 合租两居室 成山路8号线 隔壁是个小姐姐 只要女孩子 #浦东租房##上海租房##世博园# 上海·德州三村 ,03月13日 12:11,0,0,0,21,https://weibo.com/u/5902583441
153,lwt08091,:#上海租房##浦东租房# 求租两室一厅，整租，小点没关系，一点要干净。最好离地铁站近点，买菜什么方便，预算3500。@上海租房 @上海租房无中介联盟 求转发，[祈祷] ,03月11日 13:34,0,0,1,5,https://weibo.com/u/5353188559
155,我想跟马云肩并肩,:浦东新区 精装修三房两厅一卫 租客正常到期 杨思站地铁8号线#浦东租房##上海租房##世博园# 上海·世博园（商圈） ,03月06日 09:07,0,2,0,18,https://weibo.com/u/5902583441
157,我想跟马云肩并肩,:成山小区 精装修一房一厅 六号线东明路 周边配套齐全 随时看房#浦东租房##上海租房##世博园# 上海·世博园（商圈） ,03月02日 16:04,0,2,1,2,https://weibo.com/u/5902583441
159,我想跟马云肩并肩,:成山路8号线 精装修一室户 采光充足 家电全新 看房预约#上海租房##浦东租房##世博园# 上海·世博园（商圈） ,02月28日 20:40,0,2,0,8,https://weibo.com/u/5902583441
161,呼啦啦啦啦啦啦啦啦圈,:#上海浦东租房##上海浦东租房联播##浦东租房# 东靖路地铁站旁边，因工作需要出差，已租过半年现转租，价格和我签的一致。户型朝南，主卧，大阳台，无遮挡，空调热水器完好，隔音好！中介勿扰！@豆瓣上海租房 @上海浦东租房联播 @上海租房君 求转发，价格在评论区！ 上海·东靖路地铁站 ,02月27日 20:32,0,1,1,4,https://weibo.com/u/2240126775
163,我想跟马云肩并肩,:浦东新区 上钢九村 一房一厅 精装修 找到先得#上海租房##浦东租房##世博园# 上海·上南地区 ,02月26日 10:02,0,2,0,3,https://weibo.com/u/5902583441
164,上海租房联播,上海租房# #浦东租房#,02月26日,1,1,0,0,https://weibo.com/River1818
166,奉微为主,:浦东一居室 随时看房随时入住#上海租房##浦东租房# ,02月24日 12:46,0,1,0,10,https://weibo.com/u/6467327569
167,passer-by林,浦东租房# #豆瓣浦东租房# #应届毕业生上海租房# #上海租房# #上海租房大家帮# #上海浦东租房联播# #上海·浦东新区[地点]#,02月24日,1,0,0,0,https://weibo.com/u/5149946148
169,我想跟马云肩并肩,:浦东新区 上钢二村 精装修一房 耀华路78号线 紧邻昌里小吃街#上海租房##浦东租房##世博园# 上海 ,02月23日 14:53,0,0,1,11,https://weibo.com/u/5902583441
171,小尹尹尹呀,:德州一村小两房一楼 精装修 直达八号线成山站五分钟 4700可租 随时看房 手慢无##浦东租房##上海租房##德州一村租房# ,02月23日 14:48,0,0,0,1,https://weibo.com/u/5653072109
173,M积极号,:#张江租房##豆瓣张江租房##浦东租房# 转租张江高科园区华夏中路中环高架口盛大天地青春里一整套小户型loft，一室一厅一厨一卫，包物业费，单人住情侣住小夫妻完美选择。精装修拎包入住，楼下卫生间，厨房，客厅，楼上卧室。离金科路海科路，百度大厦，辉瑞研发中心，霍尼韦尔，张江各大企业步行距离。3月1号可以入住。因为本人换工作所以要换房子，在这里一直住的非常好，周围邻居也都是年轻人。25号以后随时看房。@张江租房 @豆瓣上海租房 @上海租房无中介联盟 感兴趣的可以私信我。,02月23日 11:21,0,0,1,6,https://weibo.com/u/3286795445
175,我想跟马云肩并肩,:浦东新区 两房改的一房一厅 豪华装修 耀华路站78号线#浦东租房##上海租房##世博园# 上海·梅赛德斯-奔驰文化中心 Mercedes-Benz Arena ,02月22日 18:02,0,4,1,18,https://weibo.com/u/5902583441
176,我想跟马云肩并肩,:精装修一房 耀华路78号线五分钟 性价比不错的#上海租房##浦东租房##世博园##58同城##安居客# 上海·世博园（商圈） 三亿少女的梦丶丶的秒拍视频 ,02月21日,0,0,0,3,https://weibo.com/u/5902583441
178,passer-by林,:#浦东租房##豆瓣浦东租房##应届毕业生上海租房##上海租房##上海租房大家帮##上海浦东租房联播##上海·浦东新区[地点]##上海·川杨新苑三期[地点]#【朝南主卧转租】个人转租，非中介，押一付一1700每月，水电气网费自付，电梯房、三室两卫，该单间朝南主卧，有阳台，空间超大，家具齐全，厨具齐全，小区门口公交直达2号线金科路／广兰路地铁站，张江上班族首选。3月8号前空出，有意向的联系我微信/电话17602135619[/cp],02月21日 15:33,0,0,1,0,https://weibo.com/u/5149946148
180,我想跟马云肩并肩,:浦东新区 精装一房一厅，中间楼层，8号线成山站零距离 价格好谈可押一付一#上海租房##浦东租房##世博园# 上海·世博园（商圈） ,02月20日 19:43,0,1,0,2,https://weibo.com/u/5902583441
182,奉微为主,:出租#浦东租房##上海租房# ,02月19日 12:28,0,0,0,0,https://weibo.com/u/6467327569
184,鹅禾禾,:#上海租房##浦东租房##张江租房# @上海租房  寻绿地mtown的租房室友。地址为海趣路218号（海趣路-荣科路交叉口）。家具齐备，loft式电梯公寓，上下两层各1个房间，现在楼下招租，租金为2500/月。本人已经租了上层房间，想找不介意共用卫生间的女生[鼓掌] ,02月11日 21:40,0,1,1,7,https://weibo.com/u/3865482567
186,豌豆众创基地,:欢天喜地迎狗年新年，吃好喝好别心烦，放松情绪心放宽，走出陋室游山川，风调雨顺心情好，忘掉烦忧身体健，关爱自己天高远，幸福吉祥保平安!@示例：#上海租房##上海浦东租房##浦东租房##松江租房##上海松江租房##嘉定租房##上海嘉定租房##上海租房大家帮##上海浦东租房联播##公寓住宅##上海租房找室友##嗨住租房 ##上海魔都租房 ##上海浦东租房联播##上海租房无中介联盟##上海租房非中介##上海租房互助##上海租哪儿##上海租房公益转播##上海豌豆##上海租房信息##求合租！约吗？#@上海租房无中介 @巴乐兔租房管家 @豆瓣电影 @魔都租房 @上海新浪乐居@嗨住租房 @上海魔都租房 @上海浦东租房联播 @上海租房 @上海租房无中介联盟@房天下上海租房,02月11日 13:38,0,0,0,0,https://weibo.com/u/5627607851
187,上海租房联播,浦东租房# ,02月09日,1,0,0,0,https://weibo.com/River1818
189,苏逆鲤,:来自一个每天睡12个小时以上的找房girl的死亡凝视[微笑]#上海求租##浦东租房##上海租房##上海合租##上海租房找室友# 继续求合租！合租！合租！合租！合租！合租！要求：上海地铁6号线沿线，离地铁站越近越好，距浦电路站30分钟车程以内即可。房龄较新安保好的小区，不要一层及顶层，不要北卧。一个人住面积不需要太大，可次卧。家电齐全、周围配套成熟有超市菜场之类。初步预算2000左右。[奥特曼][奥特曼][奥特曼][奥特曼][爱你]这里93年小硕，3月将入职外企。年后大约2月20多号看房，2月底入住。ps：年后租！年前不在上海无法看房！[泪][泪][泪][泪][泪][泪][泪][喵喵][喵喵][喵喵][喵喵][喵喵][喵喵][喵喵]悲伤到质壁分离，本来网上看中了五莲路和华夏西路的房子，想着年后去看房来着，不出两天就没有了……没有了……没有了……没有了……嗷地一声在心里哭出声来(T ^ T),02月08日 22:35,0,3,2,46,https://weibo.com/nilisu
191,鹅禾禾,:#上海租房##浦东租房##张江租房# @上海租房  寻绿地mtown的租房室友。地址为海趣路218号（海趣路-荣科路交叉口）。家具齐备，loft式电梯公寓，上下两层各1个房间，现在楼下招租，租金为2500/月。本人已经租了上层房间，想找不介意共用卫生间的女生[鼓掌] ,02月07日 21:30,0,0,0,1,https://weibo.com/u/3865482567
193,苏逆鲤,:#上海租房##上海求租##浦东租房#求租地铁六号线附近房子，只要是六号线都可以，离地铁站越近越好，比较倾向loft公寓/复式/一室户，要求安保好、家电齐全精装修、生活便利、隔音好。年后二月底入住，预算2500，条件特别好的可以放宽～求房源！[奥特曼][奥特曼][奥特曼]来自一个查房源到大半夜的悲伤girl[悲伤],02月02日 00:47,0,3,4,48,https://weibo.com/nilisu
194,用户6446022195,:有人要租房吗？找一个妹子合租，和我一起分担一个次卧，在浦东新区塘桥蓝村，离地铁站5分钟步程，有意愿麻烦私我哦～#上海合租##上海合租转租##上海合租找室友##上海合租房# #浦东租房##上海租房无中介##嗨住上海租房##上海免中介租房##豆瓣上海租房# ,01月31日,0,2,2,8,https://weibo.com/u/6446022195
195,用户6446022195,:有人要租房吗？找一个妹子合租，和我一起分担一个次卧，在浦东新区塘桥蓝村，离地铁站5分钟步程，有意愿麻烦私我哦～#上海合租##上海合租转租##上海合租找室友##上海合租房# #浦东租房##上海租房无中介##嗨住上海租房##上海免中介租房##豆瓣上海租房# ,01月31日,0,1,1,7,https://weibo.com/u/6446022195
197,来吧皇甫白,:#浦东租房##上海无中介租房##上海租房无中介# 浦东张江，川杨新苑2195弄，2月底可入住@上海租房无中介联盟 @上海租房 @上海浦东租房联播 ,01月31日 15:58,0,3,5,18,https://weibo.com/u/3174559884
198,听说不应该听别人说,上海租房# #浦东租房# #上海租房大家帮# #品牌公寓#,01月30日,1,0,1,0,https://weibo.com/u/2910299727
200,我想跟马云肩并肩,:浦东新区 上钢九村 南北两房 清爽干净 楼梯二楼#上海租房##浦东租房##上海·世博园（商圈）[地点]# ,01月28日 18:48,0,2,0,12,https://weibo.com/u/5902583441
201,听说不应该听别人说,上海租房# #无中介租房# #湾流国际青年社区# #浦东租房# @zuber上海租房 @北上广无中介租房,01月27日,1,0,1,0,https://weibo.com/u/2910299727
202,听说不应该听别人说,上海租房# #浦东租房# ,01月15日,1,0,1,0,https://weibo.com/u/2910299727
203,yvone201511,:#浦东租房#德平路地铁站 香山新村东北街坊的65平 两室一厅一厨一卫的南北通透好房出租 6号线和9号线都很近，小区门口就是公交枢纽，各路公交都有。旁边是公园，菜场，超市，医院都很近，非常方便。 @看房狗上海租房 @上海浦东租房联播 @上海租房无中介 @上海租房 ,01月14日,0,1,0,1,https://weibo.com/u/2960601695
205,张小马0,:#浦东租房##上海合租##上海租房##上海租房无中介##上海·川沙新镇[地点]#馨汇租房馨汇离川沙地铁口近，房价优惠，环境干净，房子都是统一装修的，看图如看房子呦，年前房子紧张，昨天馨汇刚出了好几套！！想要在上海租房的朋友们看过来，好房子真的不等人！也许你和我聊天的时候房子就出去了呦！！！注意:不是中介！！！不收中介费！！！全是公司直租！！！安全可靠！！！！@上海无中介租房 @上海租房蘑菇公寓阿讯 @上海租房知道 @上海租房君 @上海浦东租房联播 @嗨住租房 @上海租房菌 http://t.cn/R2dLMXz,01月14日 09:23,0,0,0,5,https://weibo.com/u/6192847665
206,听说不应该听别人说,浦东租房# #无中介租房# #上海租房# #上海租房大家帮# ,01月11日,1,0,1,0,https://weibo.com/u/2910299727
207,勇敢无敌忐忑,:#上海合租# #嗨住租房# #浦东租房# #上海租房无中介# #上海租房# #上海租房大家帮# #上海租房信息# 北蔡租房，1300~2000单间一室户，无中介，欢迎咨询[doge][喵喵][吃瓜] ,01月10日,0,0,0,0,https://weibo.com/u/6426973892
208,勇敢无敌忐忑,:#嗨住租房# #浦东租房# #上海租房无中介# #上海租房# #上海租房大家帮# #上海租房信息# 北蔡租房，1300~2000单间一室户，无中介，欢迎咨询[doge][喵喵][吃瓜] ,01月10日,0,0,0,0,https://weibo.com/u/6426973892
210,张小马0,:#浦东租房##上海合租##上海租房##上海租房无中介# 三林新村有房出租啦！！！交通方便，附近地铁线多，上班的朋友或是想出去玩的朋友们，有福了。附近配套设施齐全。环境优美。注意:不是中介！！不收中介费！！！！！图片都是实拍的(⊙o⊙)…@上海租房君 @上海租房菌 @上海租房无中介房源 @上海浦东租房联播 @嗨住租房 @上海租房 @上海无中介租房 http://t.cn/R2dLMXz,01月10日 16:45,0,1,1,3,https://weibo.com/u/6192847665
212,张小马0,:#浦东租房##上海合租##上海租房##上海租房无中介# 张江公馆有房出租拉！！！环境干净、安静，小区保安每天24小时巡逻。小区后门一条小吃街，旁边有家乐福，小区门口就是公交车，到地铁也就10分钟左右。注意:不是中介！！！不收中介费！！！！@上海租房 @上海租房蘑菇公寓阿讯 @嗨住租房 @上海浦东租房联播 @上海租房知道 @上海租房无中介房源 @上海租房菌 @上海租房君 http://t.cn/R2dLMXz,01月10日 09:10,0,5,2,17,https://weibo.com/u/6192847665
213,勇敢无敌忐忑,:#上海合租# #嗨住租房# #浦东租房# #上海租房无中介# #上海租房# #上海租房大家帮# #上海租房信息# 北蔡租房，1300~2000单间一室户，无中介，欢迎咨询[doge][喵喵] ,01月09日,0,0,0,0,https://weibo.com/u/6426973892
214,勇敢无敌忐忑,:#上海合租# #嗨住租房# #浦东租房# #上海租房无中介# #上海租房# #上海租房大家帮# #上海租房信息# 北蔡租房，1300~2000单间一室户，无中介，欢迎咨询[doge][喵喵] ,01月09日,0,0,0,1,https://weibo.com/u/6426973892
216,xeviare,:房东直租无中介费！8号线芦恒路站精装2室一厅一厨一卫双阳台！目前有租客在住，这是这几天现场拍的照片，租客房子保养的很好，月底到期！#浦东租房##互助租房##应届毕业生上海租房##上海租房##上海租房无中介##上海租房大家帮##蘑菇公寓上海租房# ,01月09日 09:14,0,0,0,1,https://weibo.com/u/6395328922
218,xeviare,:房东直租无中介费#浦东租房# 多路换乘…小区周边环境优美，配套设施齐全（商场，超市，菜场，药店等生活必须商用）国际珠宝城年初开业！#互助租房##应届毕业生上海租房##上海租房##上海租房##上海租房大家帮##上海租房找室友# ,01月09日 09:09,0,0,0,0,https://weibo.com/u/6395328922
220,鹅禾禾,:#上海租房##浦东租房##张江租房# @上海租房  寻绿地mtown的租房室友。地址为海趣路218号（海趣路-荣科路交叉口）。家具齐备，loft式电梯公寓，上下两层各1个房间，现在楼下招租，租金为2500/月。本人已经租了上层房间，想找不介意共用卫生间的女生[鼓掌] ,01月07日 22:36,0,0,0,3,https://weibo.com/u/3865482567
222,张小马0,:#上海租房无中介# #上海合租# #上海租房# #浦东租房# 高科中路2810弄1#2602B!!!!!张江公馆交通便利，出门就是公交车，小区环境干净，24小时有保安巡逻，上下楼都需刷卡，十分安全。小区后门就是一条小吃街，旁边还是家乐福，想买什么都很方便。房间里面用的的都是天然气，又环保又省钱！！！！所有图片实拍注意：所有房子都是公司直租！不收任何中介费！不收任何服务费！！！（公司直租的有点就是你到时候在上海换房，只要公司在那有房，都能换）！！！！@上海租房 @上海租房君 @上海租房无中介 @上海浦东租房联播 @上海无中介租房 @嗨住租房,01月07日 09:53,0,3,3,23,https://weibo.com/u/6192847665
223,听说不应该听别人说,浦东租房# #无中介租房# #上海吃喝玩乐# @zuber上海租房 @北上广无中介租房 @上海租房无中介联盟,01月07日,1,0,4,0,https://weibo.com/u/2910299727
224,鹅禾禾,:#上海租房##浦东租房##上海浦东租房# @上海租房  寻绿地mtown的租房室友。地址为海趣路218号（海趣路-荣科路交叉口）。家具齐备，loft式电梯公寓，上下两层各1个房间，现在楼下招租，租金为2500/月。本人已经租了上层房间，想找不介意共用卫生间的女生[鼓掌] ,01月06日,0,0,0,2,https://weibo.com/u/3865482567
226,张小马0,:#浦东租房##上海合租##上海租房##上海租房无中介# 申城佳苑两室户朝南超大阳台房申城佳苑离张江公馆近，交通便利。附近小吃多，附近有学校，医院都有的@嗨住租房 @上海浦东租房联播 @上海租房菌 @上海租房知道 @上海租房无中介房源 @上海无中介租房 上海·川沙新镇 ,01月06日 09:37,0,2,4,13,https://weibo.com/u/6192847665
227,Nicole徐奋斗在脱贫第一线,剩三个月 有没有人需要短租？,01月05日,1,0,0,11,https://weibo.com/louisexty
229,陪你一起去买菜,:#上海合租# #嗨住租房# #浦东租房# #上海租房无中介# #上海租房#  上海全地段出租  公司房源   价格在999到3500   图片真实 价格真实  公司房源无中介费   无中介费  无中介费  重要的事说三遍   15号之前入住  合租最高减免一个月房租   整租最高减免半个月房租  年后租金肯定要涨  有需要租房还在犹豫的抓紧了,01月05日 11:24,0,3,0,68,https://weibo.com/u/6451848428
231,上海个人转租无中介,:@指房向 闵行区北桥路地铁站1.2km，地铁5号线，1室中装20.00平米（1100元/月），押一付一，3个月起租，周边菜场、银行、餐饮店、水果店、超市等一应俱全，拎包即可入住。~#上海租房##上海浦东租房##浦东租房##松江租房##上海松江租房##嘉定租房##上海嘉定租房##上海租房大家帮##上海浦东租房联播##公寓住宅##上海租房找室友##嗨住租房 ##上海魔都租房 ##上海浦东租房联播##上海租房无中介联盟##上海租房非中介##上海租房互助##上海租哪儿##上海租房公益转播##上海豌豆##上海租房信息##求合租！约吗？#@上海租房无中介 @巴乐兔租房管家 @豆瓣电影 @魔都租房 @上海新浪乐居@嗨住租房 @上海魔都租房 @上海浦东租房联播 @上海租房 @上海租房无中介联盟@房天下上海租房,01月02日 17:50,0,0,0,0,https://weibo.com/u/6205275045
232,咖弭酱,:#上海租房##浦东租房#@上海租房 求浦东租房，3700至4500预算，一室，40平米，到南京东路半小时左右，房间干净整洁，有转租或房东有房请直接联系，一月中搬入[吃瓜][doge][喵喵] ,2017-12-31,0,0,1,6,https://weibo.com/u/2138041613
234,链家杨长清13970263289,:#上海合租# #上海租房无中介# #浦东租房# #上海租房# 有房出租，喜欢的联系我，没你想的那么贵，上传的图片是闵行区的，房租在990到3500之间，其他区域的也有，看见了喜欢的 请告诉我 ,2017-12-27 14:44:51,0,6,1,31,https://weibo.com/u/5928317930
236,链家杨长清13970263289,:#上海合租# #上海租房无中介# #浦东租房# #上海租房# 有房出租，喜欢的联系我，没你想的那么贵，上传的图片是闵行区的，房租在990到3500之间，其他区域的也有，看见了喜欢的 请告诉我 ,2017-12-27 14:16:48,0,6,2,42,https://weibo.com/u/5928317930
238,链家杨长清13970263289,:#上海合租# #上海租房无中介# #浦东租房# #上海租房# 有房出租，喜欢的联系我，没你想的那么贵，上传的图片是闵行区的，房租在990到3500之间，其他区域的也有，看见了喜欢的 请告诉我 ,2017-12-27 14:16:45,0,0,0,0,https://weibo.com/u/5928317930
240,链家杨长清13970263289,:#上海合租# #上海租房无中介# #浦东租房##上海租房#   需要租房的朋友看这边，价格最低1500无中介费，每双周保洁阿姨上门保洁一次 ,2017-12-24 14:45:13,0,3,0,9,https://weibo.com/u/5928317930
242,链家杨长清13970263289,:#上海合租# #上海租房无中介# #浦东租房# #上海租房#  地铁1号线共富新村站和宝安公路站之间，一室一厅复式阁楼，到达上海站三个地铁站，房租一个月3800左右，每两个礼拜会有保洁阿姨上门保洁一次，自家房源，无中介费，有需要的朋友私聊我 @leila雨洁 ,2017-12-24 11:31:55,0,3,0,0,https://weibo.com/u/5928317930
244,陆大美美美,:#上海租房# 6号线[小黄人剪刀手]高青路站地铁口500米博学家园电梯房1650。一到两人男女不限，可短租详细可私聊或评论付一押一可议！ #浦东租房##上海合租##嗨住租房# @上海租房 @嗨住租房 @互助租房 @上海无中介租房  #豆瓣上海租房# @豆瓣上海租房 @zuber上海租房 ,2017-12-18 15:01:05,0,0,2,3,https://weibo.com/u/3179383204
246,链家杨长清13970263289,:#上海租房# #浦东租房#  距离6号线德平路631米，万德路45弄罗山四村，户型为2房一厅一卫。63.69平米，6楼朝南精装修！4800/月包物业！适合一家人或朋友合租，有想法的私聊 ,2017-12-17 12:53:52,0,2,0,0,https://weibo.com/u/5928317930
248,陆大美美美,:#上海租房# 6号线[小黄人剪刀手]高青路站地铁口500米博学家园电梯房1650。一到两人男女不限，可短租详细可私聊或评论付一押一可议！ #浦东租房##上海合租##嗨住租房# @上海租房 @嗨住租房 @互助租房 @上海无中介租房  #豆瓣上海租房# @豆瓣上海租房 @zuber上海租房 ,2017-12-17 10:33:10,0,0,0,0,https://weibo.com/u/3179383204
249,哎童话,:#上海租房##浦东租房# 求租房，浦东新区金桥周围，价位2000左右，不超过2400，一室户，带厨卫，最近在看一些酒店式公寓，觉得还可以，一般住宅也行。今年12月下旬可以入住，最晚到1.1号。求推荐啊～～～@上海租房 @上海租房合租 @上海租房无中介联盟@豆瓣上海租房 ,2017-12-17,0,0,0,1,https://weibo.com/u/3874334562
251,豌豆众创基地,:尘世中不是旅途漫长而是心路遥远，豌豆给您一个温暖的家~~~~~#上海租房##上海浦东租房##浦东租房##松江租房##上海松江租房##嘉定租房##上海嘉定租房##上海租房大家帮##上海浦东租房联播##公寓住宅##上海租房找室友##嗨住租房 ##上海魔都租房 ##上海浦东租房联播##上海租房无中介联盟##上海租房非中介##上海租房互助##上海租哪儿##上海租房公益转播##上海豌豆##上海租房信息##求合租！约吗？#@上海租房无中介 @巴乐兔租房管家 @豆瓣电影 @魔都租房 @上海新浪乐居@嗨住租房 @上海魔都租房 @上海浦东租房联播 @上海租房 @上海租房无中介联盟@房天下上海租房,2017-12-16 10:25:32,0,0,0,0,https://weibo.com/u/5627607851
253,陆大美美美,:#上海租房# 6号线[小黄人剪刀手]高青路站地铁口500米博学家园电梯房1650。一到两人男女不限，可短租详细可私聊或评论付一押一可议！ #浦东租房##上海合租##嗨住租房# @上海租房 @嗨住租房 @互助租房 @上海无中介租房  #豆瓣上海租房# @豆瓣上海租房 @zuber上海租房 ,2017-12-15 10:45:59,0,0,0,0,https://weibo.com/u/3179383204
255,陆大美美美,:#上海租房# 6号线[小黄人剪刀手]高青路站地铁口500米博学家园电梯房1650。一到两人男女不限，可短租详细可私聊或评论付一押一可议！ #浦东租房##上海合租##嗨住租房# @上海租房 @嗨住租房 @互助租房 @上海无中介租房  #豆瓣上海租房# @豆瓣上海租房 @zuber上海租房 ,2017-12-13 12:20:18,0,0,0,0,https://weibo.com/u/3179383204
257,陆大美美美,:#上海租房# 6号线[小黄人剪刀手]高青路站地铁口500米博学家园电梯房1650。一到两人男女不限，可短租详细可私聊或评论付一押一可议！ #浦东租房##上海合租##嗨住租房# @上海租房 @嗨住租房 @互助租房 @上海无中介租房  #豆瓣上海租房# @豆瓣上海租房 @zuber上海租房 ,2017-12-11 12:32:59,0,0,0,0,https://weibo.com/u/3179383204
259,上海租房找我呀,:#浦东租房#川沙地铁口步行10分钟王桥苑三室一厅4300，押一付一 小区在川环南路，距离川沙地铁2号口10分钟的距离，十分方便，这个房子可以押一付一的，也属于拎包入住了，小区左边是百联购物中心和绿地东海岸，后面是中医院和小吃街，右边是家乐福，在一楼，每个房间都很大，利用率很高，喜欢的联系我18 全文,2017-12-07 23:25:12,0,0,0,0,https://weibo.com/bingyanbingyu
261,陆大美美美,:#上海租房# 6号线[小黄人剪刀手]高青路站地铁口500米博学家园电梯房1650。一到两人男女不限，可短租详细可私聊或评论付一押一可议！ #浦东租房##上海合租##嗨住租房# @上海租房 @嗨住租房 @互助租房 @上海无中介租房  #豆瓣上海租房# @豆瓣上海租房 @zuber上海租房 ,2017-12-06 13:09:56,0,1,4,3,https://weibo.com/u/3179383204
263,陆大美美美,:#上海租房# 6号线[小黄人剪刀手]高青路站地铁口500米博学家园电梯房1650。一到两人男女不限，可短租详细可私聊或评论付一押一可议！ #浦东租房##上海合租##嗨住租房# @上海租房 @嗨住租房 @互助租房 @上海无中介租房  #豆瓣上海租房# @豆瓣上海租房 @zuber上海租房 ,2017-11-30 11:38:33,0,0,1,1,https://weibo.com/u/3179383204
264,段浩_Ahut,:#上海租房##浦东租房##金桥租房##上海酒店式公寓 #求租：1、金桥地铁站附近，距离地铁站不超800米，酒店式公寓，一室户，价格不超3000块，一个人住。2、或者金桥地铁站附近，合租单间带独卫，干净卫生的，价格3000以内。3、或者6号线洲海路往南，距离地铁站500以内的房源也可以考虑。中介就不要联 全文,2017-11-28,0,0,1,4,https://weibo.com/u/5270964425
266,陆大美美美,:#上海租房# 6号线[小黄人剪刀手]高青路站地铁口500米博学家园电梯房1650。一到两人男女不限，可短租详细可私聊或评论付一押一可议！ #浦东租房##上海合租##嗨住租房# @上海租房 @嗨住租房 @互助租房 @上海无中介租房  #豆瓣上海租房# @豆瓣上海租房 @zuber上海租房 ,2017-11-27 11:17:32,0,0,1,4,https://weibo.com/u/3179383204
267,梨花花刚从精神病院跑出来,:#上海租房# 求租 浦电路地铁站公共交通40分钟内可达房子 预算2000-3000 非短租 非隔断间 必须有厨房 中介绕行 #浦东租房# ,2017-11-24,0,1,0,15,https://weibo.com/u/1569476580
269,上海租房-哈哈微,:【上海租房信息】上海浦东高行新高苑二期38号，次卧，有独立卫生间，精装，租金1500元/月，附近有沃尔玛大型超市。靠近地铁12号线金京路地铁站。无中介费用。看房电话  18202178801#上海租房##浦东租房# @豆瓣上海租房 @上海租房 @互助租房 @上海租房无中介联盟 ,2017-11-15 21:57:48,0,1,0,0,https://weibo.com/u/6352733881
271,羊牯塘啊基建营基建营啊基建营,:#浦东租房##张江租房#又要转租啦！！！浦东张江，申城佳苑南卧出租，近广兰路金科路2号线地铁。原住房非隔断，细节请看图！ @上海租房 @豆瓣浦东租房 ,2017-11-14 12:59:18,0,8,3,66,https://weibo.com/u/1782947393
273,陆大美美美,:#上海租房# 6号线[小黄人剪刀手]高青路站地铁口500米博学家园电梯房1650。一到两人男女不限，可短租详细可私聊或评论付一押一可议！ #浦东租房##上海合租##嗨住租房# @上海租房 @嗨住租房 @互助租房 @上海无中介租房  #豆瓣上海租房# @豆瓣上海租房 @zuber上海租房 ,2017-11-12 10:25:48,0,0,0,1,https://weibo.com/u/3179383204
274,湾流国际,:#租房那点事##豆瓣上海租房##豆瓣上海租房##浦东租房##上海租房# 双十一我们不剁手，健身[太开心][太开心] 吹泡泡的泡泡糖198509的秒拍视频 ,2017-11-11,0,0,1,0,https://weibo.com/u/6156971440
276,豌豆众创基地,:如果你喜欢的人没有回你微信怎么办？[憧憬]来找我们吧？找我们租房；我们会最快的回复你[挤眼]#毕业季##萌萌颜表情##上海租房##上海浦东租房##浦东租房##上海松江租房##嘉定租房##上海嘉定租房##上海租房大家帮##上海浦东租房联播##公寓住宅##上海租房找室友##嗨住租房 ##上海魔都租房 ##上海浦东租房联播##上海租房无中介联盟##上海租房非中介##上海租房互助##上海租哪儿##上海租房公益转播##上海豌豆##上海租房信息##求合租！约吗？#@上海租房无中介 @巴乐兔租房管家 @豆瓣电影 @魔都租房 @上海新浪乐居@嗨住租房 @上海魔都租房 @上海浦东租房联播 @上海租房 @上海租房无中介联盟@房天下上海租房,2017-11-11 11:09:01,0,1,0,0,https://weibo.com/u/5627607851
278,xeviare,:诚招租客，无中介费！8号线芦恒路站精装单间，小区周边交通便捷，步行地铁口8分钟，菜场，超市，药店，小吃皆全！周边都是5年以内新小区，停车位充足！东方康达家苑出租朝南主卧，室友皆90后上下上班小白领，无不良嗜好！价格2100（1900_2200多套，可供挑选）#浦东租房##浦东互助租房##互助租房##嗨住上海租房##上海租房信息##上海浦东租房联播# http://t.cn/RyhTBae,2017-11-08 08:41:19,0,0,0,3,https://weibo.com/u/6395328922
279,竹临池似玉,:#浦东租房##上海无中介租房##上海租房# (我有房出租)金海华城永华苑 3室2厅1卫 男女不限 随时看房 ,2017-11-08,0,0,0,1,https://weibo.com/u/5148805376
281,陆大美美美,:#上海租房# 6号线高青路站地铁口500米博学家园。可住一到两人，男女不限，要求爱干净，不邋遢。详细可私聊或评论~具体见图。 #浦东租房##上海合租##嗨住租房# @上海租房 @嗨住租房 @互助租房 @上海无中介租房  #豆瓣上海租房# @豆瓣上海租房 @zuber上海租房 ,2017-11-07 09:14:49,0,0,1,0,https://weibo.com/u/3179383204
283,陆大美美美,:#上海租房# 6号线高青路站地铁口500米博学家园。可住一到两人，男女不限，要求爱干净，不邋遢。详细可私聊或评论~具体见图。 #浦东租房##上海合租##嗨住租房# @上海租房 @嗨住租房 @互助租房 @上海无中介租房  #豆瓣上海租房# @豆瓣上海租房 @zuber上海租房 ,2017-11-02 08:47:53,0,0,0,1,https://weibo.com/u/3179383204
285,陆大美美美,:#上海租房# 6号线高青路站地铁口500米博学家园。可住一到两人，男女不限，要求爱干净，不邋遢。详细可私聊或评论~具体见图。 #浦东租房##上海合租##嗨住租房# @上海租房 @嗨住租房 @互助租房 @上海无中介租房  #豆瓣上海租房# @豆瓣上海租房 @zuber上海租房 ,2017-10-30 14:59:20,0,0,1,2,https://weibo.com/u/3179383204
286,______mumu,:上海地铁高科西路站附近有转租两室的房子吗？我的房子11月20号左右到期，转租房子的小伙伴看过来，最好靠近地铁房子干净～#浦东租房##上海租房# @上海租房 @上海租房无中介联盟 @上海无中介租房 @北上广无中介租房 ,2017-10-22,0,1,3,14,https://weibo.com/fanlinfanlin
288,豌豆公寓1999,:如果你喜欢的人没有回你微信怎么办？[憧憬]来找我们吧？找我们租房；我们会最快的回复你[挤眼]#毕业季##萌萌颜表情##上海租房##上海浦东租房##浦东租房##上海松江租房##嘉定租房##上海嘉定租房##上海租房大家帮##上海浦东租房联播##公寓住宅##上海租房找室友##嗨住租房 ##上海魔都租房 ##上海浦东租房联播##上海租房无中介联盟##上海租房非中介##上海租房互助##上海租哪儿##上海租房公益转播##上海豌豆##上海租房信息##求合租！约吗？#@上海租房无中介 @巴乐兔租房管家 @豆瓣电影 @魔都租房 @上海新浪乐居@嗨住租房 @上海魔都租房 @上海浦东租房联播 @上海租房 @上海租房无中介联盟@房天下上海租房,2017-10-20 13:52:26,0,1,0,1,https://weibo.com/u/6203887449
289,T_T-Wang,:帮转。#浦东租房# (租)凌兆新村 1室1厅1卫 ,2017-10-19,0,0,0,0,https://weibo.com/u/1810349817
291,上海租房找我呀,:上海浦东二号线世纪大道地铁站乳山四村（位置好不好看地图），精装全配，拎包入住，实拍图，地铁二号线世纪大道精装两房，使用面积50以上，首次出租7500！7500！需要联系18516183933，手机号就是微信号@豆瓣上海租房 #上海求租##浦东租房##川沙租房##上海租房##上海豆瓣租房##豆瓣租房##浦东豆瓣租房# http://t.cn/RyhQwIF,2017-10-18 19:02:45,0,0,0,0,https://weibo.com/bingyanbingyu
293,豌豆众创基地,:如果你喜欢的人没有回你微信怎么办？[憧憬]来找我们吧？找我们租房；我们会最快的回复你[挤眼]#毕业季##萌萌颜表情##上海租房##上海浦东租房##浦东租房##上海松江租房##嘉定租房##上海嘉定租房##上海租房大家帮##上海浦东租房联播##公寓住宅##上海租房找室友##嗨住租房 ##上海魔都租房 ##上海浦东租房联播##上海租房无中介联盟##上海租房非中介##上海租房互助##上海租哪儿##上海租房公益转播##上海豌豆##上海租房信息##求合租！约吗？#@上海租房无中介 @巴乐兔租房管家 @豆瓣电影 @魔都租房 @上海新浪乐居@嗨住租房 @上海魔都租房 @上海浦东租房联播 @上海租房 @上海租房无中介联盟@房天下上海租房,2017-10-17 20:44:47,0,0,0,0,https://weibo.com/u/5627607851
295,哈哈哈哈刘,:可月租3700起@魔都租房 @豆瓣上海租房 @应届毕业生上海租房 @上海租房君 @上海无中介租房 @上海租房 @上海租房蘑菇公寓阿讯 @上海浦东租房联播 @上海租房无中介联盟 #浦东租房##吃鸡# 上海·潍坊九村 ,2017-10-16 16:23:50,0,0,1,9,https://weibo.com/u/2206735264
296,上海租房联播,上海租房# #浦东租房#,2017-10-16,1,1,0,0,https://weibo.com/River1818
298,哈哈哈哈刘,:@应届毕业生上海租房 @豆瓣上海租房 @上海租房 @上海浦东租房联播 @上海租房君 @上海租房无中介联盟 @上海租房蘑菇公寓阿讯 #浦东租房##上海租房# ,2017-10-11 09:59:32,0,1,2,11,https://weibo.com/u/2206735264
300,季渊04,:#浦东租房##江边跑步##上海·上南一村[地点]##世博源区##上海·梅赛德斯-奔驰文化中心 Mercedes-Benz Arena[地点]##上海·Bricco Cafe(中华艺术宫店)[地点]##上海·上南地区[地点]##7/8号线耀华路##一房一厅4000# 上海·德州三村 ,2017-10-10 20:43:36,0,0,0,0,https://weibo.com/u/5548376162
301,上海租房-哈哈微,:【上海租房信息】东源名都（双桥路1139弄）一室户 ，租金1300元，小区靠近地铁12号线金京路地铁站，附近有易初莲花超市和菜场，生活设施完备。看房电话 18202178801@豆瓣上海租房 @上海租房 @互助租房 @上海租房君 @上海租房无中介房源 @上海租房无中介联盟 #上海租房##浦东租房##高行租房# ,2017-10-10,0,1,1,5,https://weibo.com/u/6352733881
302,上海租房-哈哈微,:【上海租房信息】东源名都1108弄，精装修一室户，带阳台，租金2000元，小区距离地铁12号线金京路地铁站6分钟，附近有易初莲花超市。看房电话 18202178801。@上海租房无中介联盟 @上海租房无中介房源 @上海租房君 @互助租房 @上海租房 @豆瓣上海租房 #上海租房##浦东租房##高行租房# ,2017-10-10,0,0,1,0,https://weibo.com/u/6352733881
304,季渊04,:#浦东租房##免押金，房租月付##世博源区##上海·梅赛德斯-奔驰文化中心 Mercedes-Benz Arena[地点]##上海·Bricco Cafe(中华艺术宫店)[地点]##上海·世博园（商圈）[地点]##耀华路地铁##7/8双线##两房# 上海·德州三村 ,2017-10-10 19:57:18,0,0,0,0,https://weibo.com/u/5548376162
306,上海租房找我呀,:上海浦东二号线川沙地铁口2号口出来步行300米，翔川家园精装三房出租，小区左边是百联购物中心和绿地东海岸，右边是浦东中医院和家乐福，出来就是地铁口，地理位置优越，喜欢的加我微信18516183933或者直接打电话联系我也是这个@豆瓣上海租房 #浦东租房##川沙租房##上海求租##上海租房##上海豆瓣租房##豆瓣租房##浦东豆瓣租房# http://t.cn/RyhQwIF,2017-10-04 17:14:12,0,0,4,2,https://weibo.com/bingyanbingyu
308,上海租房-哈哈微,:【上海租房信息】上海市浦东新区东靖路2250弄，绿地威廉一室户，原始主卧，原始卫生间，精装修，租金2500元，附近有沃尔玛，交通便利。看房电话 18202178801#上海租房##浦东租房# @互助租房 @上海租房 @豆瓣上海租房 @上海租房君 @上海租房无中介联盟 ,2017-10-02 10:03:11,0,0,0,0,https://weibo.com/u/6352733881
309,上海租房联播,浦东租房# #上海租房#,2017-09-30,1,0,0,0,https://weibo.com/River1818
311,上海租房找我呀,:浦东二号线世纪大道地铁站步行5分钟，潍坊九村，四楼，南北套两房6000，市区交通便利，只此一套，有需要的联系我18516183933，也是微信号@豆瓣上海租房 #浦东租房##川沙租房##上海求租##上海租房##上海豆瓣租房##超级话题##豆瓣租房##浦东豆瓣租房# 上海·川沙广场（商圈） ,2017-09-30 10:24:51,0,0,4,3,https://weibo.com/bingyanbingyu
313,上海租房找我呀,":浦东二号线唐镇唐丰苑租客招室友啦！！！一共三个房间，每个房间都有空调，1450,1550，1850，包网络，包水，包燃气，独立电表！随便挑先到先得（帮租客招租的，免中介费）[耶]觉得这个房子可以的直接联系租客本人15557260101！租客本人！#上海求租##浦东租房##川沙租房##上海租房##上海豆瓣租房##豆瓣租房##浦东豆瓣租房# @豆瓣上海租房 http://t.cn/Ryhouij",2017-09-23 21:38:41,0,2,4,7,https://weibo.com/bingyanbingyu
315,陆大美美美,:#上海租房# 无中介[狗]6号线高青路站地铁口500米博学家园。共四卧，出租北次卧，有意者私。男女不限，要求爱干净，不邋遢。详细可私聊或评论~具体见图。 #浦东租房##上海合租##嗨住租房# @上海租房 @嗨住租房 @互助租房 #浦东互助租房# #豆瓣上海租房# @豆瓣上海租房 ,2017-09-21 17:01:53,0,0,0,0,https://weibo.com/u/3179383204
317,陆大美美美,:#上海租房# 无中介[狗]6号线高青路站地铁口500米博学家园。共四卧，出租北次卧，有意者私。男女不限，要求爱干净，不邋遢。详细可私聊或评论~具体见图。 #浦东租房##上海合租##嗨住租房# @上海租房 @嗨住租房 @互助租房 #浦东互助租房# #豆瓣上海租房# @豆瓣上海租房 ,2017-09-21 08:11:54,0,0,1,1,https://weibo.com/u/3179383204
319,陆大美美美,:#上海租房# 无中介[狗]6号线高青路站地铁口500米博学家园。共四卧，出租北次卧，有意者私。男女不限，要求爱干净，不邋遢。详细可私聊或评论~具体见图。 #浦东租房##上海合租##嗨住租房# @上海租房 @嗨住租房 @互助租房 #浦东互助租房# #豆瓣上海租房# @豆瓣上海租房 ,2017-09-20 19:40:29,0,0,1,5,https://weibo.com/u/3179383204
321,上海租房找我呀,:上海浦东二号线华夏东路地铁口沙田公寓三室整租，4600.不收中介费，押一付二，居民用水用电楼梯房，在二楼，每个房间都比较大，走路到地铁口10分钟，#浦东租房##川沙租房##上海租房##上海豆瓣租房##浦东豆瓣租房##超级话题##豆瓣租房##上海求租# ，可以加我微信18516183933，或者打我电话也是这个 http://t.cn/RyhQwIF,2017-09-20 15:23:38,0,0,0,0,https://weibo.com/bingyanbingyu
323,陆大美美美,:#上海租房# 无中介[狗]6号线高青路站地铁口500米博学家园。共四卧，出租北次卧，有意者私。男女不限，要求爱干净，不邋遢。详细可私聊或评论~具体见图。 #浦东租房##上海合租##嗨住租房# @上海租房 @嗨住租房 @互助租房 #浦东互助租房# #豆瓣上海租房# @豆瓣上海租房 ,2017-09-20 13:23:49,0,0,0,0,https://weibo.com/u/3179383204
325,陆大美美美,:#上海租房# 无中介[狗]6号线高青路站地铁口500米博学家园。共四卧，出租北次卧，有意者私。男女不限，要求爱干净，不邋遢。详细可私聊或评论~具体见图。 #浦东租房##上海合租##嗨住租房# @上海租房 @上海无中介租房 @上海租房无中介 @嗨住租房 @互助租房 #浦东互助租房# #豆瓣上海租房# @豆瓣上海租房,2017-09-20 10:34:15,0,0,0,0,https://weibo.com/u/3179383204
327,陆大美美美,:#上海租房# 无中介[狗]6号线高青路站地铁口500米博学家园。共四卧，出租北次卧，有意者私。男女不限，要求爱干净，不邋遢。详细可私聊或评论~具体见图。 #浦东租房##上海合租##嗨住上海租房##嗨住租房# @上海租房 @上海无中介租房 @上海租房无中介 @嗨住租房 @互助租房 #浦东互助租房# ,2017-09-19 20:36:13,0,0,0,0,https://weibo.com/u/3179383204
328,Mrss-Sun,:8号线芦恒路站精装单间出租，一间主卧带阳台独卫，一间超大主卧，一间朝北次卧，！步行地铁口10分钟，周边小吃，菜场，超市等生活配套齐全！小区门口有多路公交！有意者联系本人，15821675015或加微信18060030883房东直租，中介勿扰！#上海租房##嗨住上海租房##浦东租房##上海租房##上海租房大家帮##上海租房找室友##上海浦东租房##浦东租房##应届毕业生上海租房# http://t.cn/RyhTBae http://t.cn/RpgfY12,2017-09-18,0,1,0,1,https://weibo.com/u/5991374395
330,上海租房找我呀,:上海浦东二号线川沙地铁口单间1750.到1900共三间，地理位置是翔川家园，距离地铁口400米，步行5分钟，可以押一付一，居民用水用电，都是我自己拍的图片，房间隔壁就是绿地东海岸和百联购物中心 #上海租房##浦东租房##上海豆瓣租房##浦东豆瓣租房# 联系我的话加我微信好了，18516183933.也是电话号码 http://t.cn/z8A08Rp,2017-09-17 10:58:45,0,0,0,0,https://weibo.com/bingyanbingyu
331,旋旋_82934,:#嗨住上海租房# #浦东金桥# #上海租房找室友# #上海转租# #浦东互助租房# #上海租房无中介# #浦东租房# #浦东租房# #上海租房# #嗨住上海租房# 实拍图片！！急租！！6号线金桥站，杨高中路台儿庄路，精装朝南卧室，随时入住，1600/月 ,2017-09-14,0,0,1,0,https://weibo.com/u/6240858139
332,ZZ_NULL,:#浦东租房# 成山路地铁站大一室户出租，3800/月，中等装修，干净清爽。有兴趣站内联系。 ,2017-09-01,0,0,1,2,https://weibo.com/u/1654914197
333,上海租房-哈哈微,:【高行租房】华高一村两房一厅4500元，靠近地铁12号线金京路地铁站，周边公交车众多，815，791，744等等，出行交通便利，附近有易初莲花超市，生活设施完善，无中介费用。看房电话 18202178801   @上海租房 @上海租房无中介联盟 @豆瓣上海租房 @上海租房无中介 @互助租房 #上海租房##浦东租房##高行租房#,2017-08-30,0,0,0,0,https://weibo.com/u/6352733881
335,5i5j康宇,:#浦东租房#潍坊一村，进6号线浦电路地铁站，有需要的私信我。精装修，价格美丽。 上海·梅园六街坊 ,2017-08-31 16:31:52,0,0,0,0,https://weibo.com/u/5165559031
336,上海租房-哈哈微,:【高行租房】华高一村两房一厅4500元，靠近地铁12号线金京路地铁站，周边公交车众多，815，791，744等等，出行交通便利，附近有易初莲花超市，生活设施完善，无中介费用。看房电话 18202178801   @上海租房 @上海租房无中介联盟 @豆瓣上海租房 @上海租房无中介 @互助租房 #上海租房##浦东租房##高行租房#,2017-08-30,0,0,0,0,https://weibo.com/u/6352733881
338,上海租房-哈哈微,:2017上海廉租房申请流程 2017上海廉租房申请流程    #上海租房##浦东租房##高行租房# ,2017-08-28 21:50:41,0,0,0,0,https://weibo.com/u/6352733881
339,上海租房-哈哈微,:如何提取住房公积金支付房租？上海住房公积金租房提取  #上海租房##浦东租房##高行租房# ,2017-08-28,0,0,0,1,https://weibo.com/u/6352733881
341,上海租房-哈哈微,:“商改租”的利弊今年开始，上海开始整顿“类住宅”，纳入清理整顿的商业办公项目面积达1700万平方米。#上海租房##浦东租房# 将商业用房或工业厂房，改建后分割成数百间小房间，以相对低廉的价格出租，这种 “白领公寓”无疑会吸引了大量打工族。但是这种“白领公寓”集中式租赁住房，缺乏相应的法律法规、设置规范和运营标准，加上居住人员密集、混杂，政府监管缺位，具有很大的安全隐患。,2017-08-28 21:25:20,0,0,0,0,https://weibo.com/u/6352733881
343,上海租房-哈哈微,:16个城市一人平均租金对比，城市不易居啊 #上海租房##浦东租房##高行租房# ,2017-08-28 21:02:57,0,0,0,0,https://weibo.com/u/6352733881
345,上海租房找我呀,:上海浦东二号线川沙地铁站川沙绿地云悦坊精装一室户3200每月→_→开始出租，距离川沙地铁口0距离，距离百联购物中心0距离，距离绿地东海岸0距离，这么好的地段，仅此一套哦[机智]，先到先得 #浦东租房##上海租房##川沙租房##张江高科租房# @豆瓣上海租房 有需要联系18516183933，手机号就是微信号 http://t.cn/RyhQwIF,2017-08-22 21:06:32,0,0,6,5,https://weibo.com/bingyanbingyu
346,豆瓣上海租房,:http://t.cn/RCLd1RB #上海##浦东租房##浦东##豆瓣上海租房##豆瓣浦东租房##川沙租房##豆瓣租房##闲鱼租房##豆瓣张江租房##豆瓣唐镇租房##豆瓣川沙租房##上海2号线租房#@豆瓣张江租房@豆瓣唐镇租房@豆瓣川沙租房@上海2号线租房@豆瓣浦东租房 @闲鱼租房 #上海租房##上海求租# @上海租房无中介 @上海租房无中介联盟 @互助租房 @zuber-上海租房 @上海无中介租房 @上海租房 @上海租房吧 @应届毕业生上海租房 @看房狗上海租房 @上海租房合租公寓 @上海租房知道 #唐镇租房##川沙租房##张江租房##上海58租房##闲鱼上海租房##闲鱼浦东租房##张江租房##上海浦东房产##迪斯尼租房##上海求租##寓多多公寓##寓多多##壹公寓租房##上海豆瓣租房##豆瓣上海##迪斯尼租房##上海迪斯尼##上海二号线##上海浦西租房##浦西租房##上海人才公寓##上海白领公寓##白领公寓##多力多滋##happy张江#,2017-08-18,0,0,3,2,https://weibo.com/cq2017
348,上海租房找我呀,:上海浦东二号线川沙地铁站川沙绿地云悦坊精装一室户3200每月→_→开始出租，距离川沙地铁口0距离，距离百联购物中心0距离，距离绿地东海岸0距离，这么好的地段，仅此一套哦[机智]，先到先得 #浦东租房##上海租房# #川沙租房##张江高科租房#有需要联系18516183933，手机号就是微信号 http://t.cn/z8AHelK,2017-08-14 12:15:17,0,0,0,0,https://weibo.com/bingyanbingyu
350,上海租房找我呀,:上海浦东二号线川沙地铁站川沙绿地云悦坊精装一室户3200每月→_→开始出租，距离川沙地铁口0距离，距离百联购物中心0距离，距离绿地东海岸0距离，这么好的地段，仅此一套哦[机智]，先到先得 #浦东租房##上海租房# #川沙租房##张江高科租房#有需要联系18516183933，手机号就是微信号 http://t.cn/z8AHelK,2017-08-14 12:15:17,0,0,0,0,https://weibo.com/bingyanbingyu
352,上海租房JOMI美琪,:位于浦东大道与桃林路路口，次卧，精装修，观景房，租金可付一押一，楼下菜场、超市、餐厅、银行等一应俱全，房东直租，不收取任何中介费用，随时看房，拎包入住。#浦东租房##上海租房信息##租房##上海[地点]# @上海租房 @上海租房无中介联盟 上海 ,2017-08-12 00:11:17,0,0,1,0,https://weibo.com/u/6027904979
353,梁蓉baby,豆瓣上海租房# #浦东租房# #川沙租房# ,2017-08-08,1,0,0,0,https://weibo.com/liangrongbaby
355,上海女生合租联盟,:@上海租房 @豆瓣上海租房 #浦东租房##豆瓣上海租房##上海合租##上海租房找室友##上海租房无中介##上海租房互助##上海租房# 川沙三室一厅北次卧出租，1300，都是女生，所以仅限一位女生，8月17号空出来，民用水电煤，网费一人一月12元，离川沙站8分钟步行，附近步行5分钟到菜场或家乐福 http://t.cn/R2WJz7h,2017-08-07 11:34:22,0,0,3,20,https://weibo.com/u/6124553952
357,kaka泡泡,:#浦东租房#直租无中介～地铁6号线金桥路站2号口，像南500米金台大厦对面～精装修1室1厅3500/月～[可爱] 上海 ,2017-07-25 14:29:24,0,2,0,7,https://weibo.com/u/2247665050
359,我想跟马云肩并肩,:#浦东租房##上海浦东租房##上海[地点]##上海·世博园（商圈）[地点]#济阳三村，精装两房，家电全新，可押一付一，采光充足！[嘻嘻] 上海·世博园（商圈） ,2017-07-22 19:05:19,0,3,0,5,https://weibo.com/u/5902583441
360,豆瓣上海租房,:“绿地mtown#多力多滋##豆瓣上海租房##浦东租房##happy张江#”豆瓣上海租房的秒拍视频 （使用#秒拍#录制，免流量看热门短视频！） ,2017-07-15,0,0,0,0,https://weibo.com/cq2017
361,豆瓣上海租房,:【创业工坊】唐镇·租房信息唐丰苑 电梯房 12楼门口有各种共享单车，出行、生活皆方便！两房 超大主卧 大阳台 厨房、卫生间！天...”#豆瓣上海租房##浦东租房##唐镇租房#浦东租房的秒拍视频 （使用#秒拍#录制，免流量看热门短视频！） ,2017-07-14,0,0,0,0,https://weibo.com/cq2017
362,豆瓣上海租房,:【创业工坊】川沙·房源展示华川家园一室一厅一厨一卫！挺漂亮，适合情侣，闺蜜，好朋友，一家人居住，性价比高，燃气做饭，燃气洗澡！双阳...”#豆瓣上海租房##浦东租房#浦东租房的秒拍视频 （使用#秒拍#录制，免流量看热门短视频！） ,2017-07-14,0,0,0,0,https://weibo.com/cq2017
364,上海租房JOMI美琪,:6号线源深体育中心，精装单间大阳台，房东直租 步行10分钟到达地铁站，小区门口14号线在建，电梯房，有门禁，大阳台，大窗户，空间很大适合一到两个人居住，其他住户正经工作，居住环境很好，小区周边发达。交通便利，不受中介费。@上海租房无中介联盟 @上海租房 #浦东租房##租房##上海租房信息# ,2017-07-11 10:15:54,0,0,0,2,https://weibo.com/u/6027904979
366,外向的孤独患者还有谁,:#个人转租##浦东租房##上海浦东租房##上海浦东租房联播##浦东互助租房# 地址：双桥路1139弄-东源名都 （中高档居民小区）[铁路]距离地铁12号线金京路步行仅6分钟[钱]租金：2088.91房间租的是《爱上租》的公寓式套房， 从2017年6月7日起租，租期一年，房租是每月一交，向网商银行贷款交了一年的租金，所以相当于是每个月由支付宝还贷款的形式交房租。由于个人工作原因，现在需要转租。（本人女生仅住了一个月，此房之前无人入住）[家]整套房子情况如下： 总共6间房（整套房间很大180平）其中两间带独立卫浴已租出，还有一间也住了一个女生，另外两个房间已经空了好几个月（基本租不出去 因为房租贵 只是比我多了一个阳台的空间3000）所以卫生间是我和那个女生共用的（超棒的！）然后还有一个很大的厨房；）另外硬件设施 比如空调 冰箱 电磁炉 热水器等等都是有的 [钱]水电费计算：电费按照民用算 也就是0.7 /0.3 水费也是按表走的 大家平摊 基本很少 上个月电费我交了20.01房间格局请看下面实拍图，有一个小小的隔间 可以搞个窗帘放杂物 最得意的就是飘窗（下午喝喝茶听听音乐看看书 夜景更是可以远眺东方明珠哦！）重要补充：每两周都会有阿姨来打扫公共区间 也就是厨房和卫生间！有意者欢迎咨询^o^WX：tengman631 Tel：15195121900看房请挑下班时间（6.00之后）或者周六日～ http://t.cn/RyVgZQQ,2017-07-09 21:51:14,0,0,1,1,https://weibo.com/u/3537377160
367,上海租房联播,浦东租房# #上海租房#,2017-07-08,1,0,0,0,https://weibo.com/River1818
368,上海租房联播,浦东租房# #上海浦东租房联播#,2017-07-07,1,0,0,0,https://weibo.com/River1818
370,季渊04,:#浦东租房##世博源区##上海·Bricco Cafe(中华艺术宫店)[地点]##上海·梅赛德斯-奔驰文化中心 Mercedes-Benz Arena[地点]##江边跑步##免押金，房租月付# 上海·世博园（商圈） ,2017-07-05 14:28:47,0,0,0,0,https://weibo.com/u/5548376162
371,上海女生合租联盟,:#浦东租房##上海租房找室友##上海租房##上海租房无中介##上海短租##豆瓣上海租房# 川沙2号线主卧出租，限女生，两个女生住，可长租短租，短租只限7，8月份，两张床，新空调，一人加网费平均850元。   上海·八佰伴 ,2017-07-03,0,0,0,7,https://weibo.com/u/6124553952
372,上海女生合租联盟,:#浦东租房##上海租房找室友##上海租房##上海租房无中介##豆瓣上海租房# 川沙2号线主卧出租，限女生，两个女生住，可长租短租，短租只限7，8月份，两张床，新空调，一人加网费平均850元。 上海·川沙广场 ,2017-07-03,0,0,0,17,https://weibo.com/u/6124553952
374,季渊04,:#上海·浦东新区[地点]##浦东租房##上海·梅赛德斯-奔驰文化中心 Mercedes-Benz Arena[地点]##上海租房##上海·世博园区中国馆[地点]# 上海·上南地区 ,2017-07-02 15:10:05,0,1,2,3,https://weibo.com/u/5548376162
375,上海租房联播,浦东租房# #上海浦东租房联播#,2017-07-01,1,0,0,0,https://weibo.com/River1818
376,纳泪誓言,:#浦东租房#到4号线浦东大道45分钟之内的。请联系我，可以合租，可以两个人住一间哦。 ,2017-06-29,0,0,0,14,https://weibo.com/jjjjjiiiinnn
378,用户5311986500,:#上海租房无中介##上海合租##上海租房无中介##浦东租房#招室友咯 坐标：地铁8号线芦恒路站5分钟可达，东方康安家园三室一厅有一间朝南大主卧招女生带阳台的，PS阳台共用只是晒晒衣服养养花，另外两个房间分别住了一个女生，只要工作稳定不吵闹即可，房子房东直租，精装全配拎包入住周边配套设施齐全，门口就有生鲜超市一应俱全，周边餐饮娱乐健身房等等……有意私信 http://t.cn/z8yxjwd,2017-06-27 19:20:11,0,1,0,5,https://weibo.com/u/5311986500
380,上海租房联播,#上海租房# #浦东租房# ,2017-06-27 08:28:10,0,0,0,0,https://weibo.com/River1818
381,懵懂无知丨,:需要的联系哦@上海租房@互助租房 @上海租房 @上海租房无中介 @房天下上海租房 #上海租房##上海浦东租房##浦东租房##松江租房##上海松江租房##嘉定租房##上海嘉定租房##上海租房大家帮##上海浦东租房联播##公寓住宅##上海租房找室友##嗨住租房 ##上海魔都租房 ##上海浦东租房联播##上海租房无中介联盟##上海租房非中介##上海租房互助##上海租哪儿##上海租房公益转播##上海豌豆##上海租房信息##求合租！约吗？##上海租房##上海浦东租房##浦东租房##松江租房##上海松江租房##嘉定租房##上海嘉定租房##上海租房大家帮##上海浦东租房联播##公寓住宅##上海租房找室友##嗨住租房 ##上海魔都租房 ##上海浦东租房联播##上海租房无中介联盟##上海租房非中介##上海租房互助##上海租哪儿##上海租房公益转播##上海豌豆##上海租房信息##求合租！约吗？##上海租房##上海浦东租房##浦东租房##松江租房##上海松江租房##嘉定租房##上海嘉定租房##上海租房大家帮##上海浦东租房联播##公寓住宅##上海租房找室友##嗨住租房 ##上海魔都租房 ##上海浦东租房联播##上海租房无中介联盟##上海租房非中介##上海租房互助##上海租哪儿##上海租房公益转播##上海豌豆##上海租房信息##求合租！约吗？#[/cp] http://t.cn/RoCnEnR,2017-06-26,0,0,0,0,https://weibo.com/u/6169672148
383,用户5311986500,:#上海新闻##上海合租##上海租房无中介##浦东租房#@上海浦东租房联播 #嗨住上海租房##上海合租##上海租房##上海合租找室友# @上海租房 @上海租房无中介 @上海租房知道 @上海租房信息 @看房狗上海租房 @互助找房频道 @互助租房 @魔都租房 @上海租房无中介联盟 @上海租房合租公寓 @上海租房吧 @嗨住租房 @zuber-上海租房 招室友咯 坐标：地铁8号线芦恒路站5分钟可达，东方康安家园三室一厅有一间朝南大主卧招女生带阳台的，PS阳台共用只是晒晒衣服养养花，另外两个房间分别住了一个女生，只要工作稳定不吵闹即可，房子房东直租，精装全配拎包入住周边配套设施齐全，门口就有生鲜超市一应俱全，周边餐饮娱乐健身房等等……有意私信微信号LJL08711095 http://t.cn/z8yxjwd,2017-06-25 20:34:06,0,0,0,0,https://weibo.com/u/5311986500
385,用户5311986500,:#上海新鲜事##上海合租##上海租房无中介##浦东租房#@上海浦东租房联播 #嗨住上海租房##上海合租##上海租房##上海合租找室友# @上海租房 @上海租房无中介 @上海租房知道 @上海租房信息 @看房狗上海租房 @互助找房频道 @互助租房 @魔都租房 @上海租房无中介联盟 @上海租房合租公寓 @上海租房吧 @嗨住租房 @zuber-上海租房 招室友咯 坐标：地铁8号线芦恒路站5分钟可达，东方康安家园三室一厅有一间朝南大主卧招女生带阳台的，PS阳台共用只是晒晒衣服养养花，另外两个房间分别住了一个女生，只要工作稳定不吵闹即可，房子房东直租，精装全配拎包入住周边配套设施齐全，门口就有生鲜超市一应俱全，周边餐饮娱乐健身房等等……有意私信微信号LJL08711095 http://t.cn/z8yxjwd,2017-06-25 20:30:33,0,1,1,0,https://weibo.com/u/5311986500
386,虚弱小绵羊和趴趴熊,:#上海好房紧急转租##嗨住上海租房##上海合租##上海租房无中介##浦东租房#@上海浦东租房联播 #嗨住上海租房##上海合租##上海租房##上海合租找室友# @上海租房 @上海租房无中介 @上海租房知道 @上海租房信息 @看房狗上海租房 @互助找房频道 @互助租房 @魔都租房 @上海租房无中介联盟 @上海租房合租公寓 @上海租房吧 @嗨住租房 @zuber-上海租房新房首租 求合租康桥附近或者11号沿线单间（太远的就不考虑了），男生，数学老师一枚，预算2500以内,2017-06-21,0,0,0,0,https://weibo.com/u/5669160779
388,豌豆众创基地,:把那些“不必需、不合适、令人不舒适”的东西统统断绝、舍弃，并切断对它们的眷恋；你就能更好的高效生活；  是时候该换个生活方式了；来豌豆公寓；畅想拎包入住；感受“断舍离”的乐趣#吻你之时别再躲[音乐]# #租房找我# #上海租房##上海浦东租房##浦东租房##松江租房##上海松江租房##嘉定租房##上海嘉定租房##上海租房大家帮##上海浦东租房联播##公寓住宅##上海租房找室友##嗨住租房 ##上海魔都租房 ##上海浦东租房联播##上海租房无中介联盟##上海租房非中介##上海租房互助##上海租哪儿##上海租房公益转播##上海豌豆##上海租房信息##求合租！约吗？#@上海租房无中介 @巴乐兔租房管家 @豆瓣电影 @魔都租房 @上海新浪乐居@嗨住租房 @上海魔都租房 @上海浦东租房联播 @上海租房 @上海租房无中介联盟@房天下上海租房,2017-06-13 09:11:03,0,0,0,1,https://weibo.com/u/5627607851
390,用户5311986500,:#上海合租##上海租房无中介##浦东租房#@上海浦东租房联播 #嗨住上海租房##上海合租##上海租房##上海合租找室友# @上海租房 @上海租房无中介 @上海租房知道 @上海租房信息 @看房狗上海租房 @互助找房频道 @互助租房 @魔都租房 @上海租房无中介联盟 @上海租房合租公寓 @上海租房吧 @嗨住租房 @zuber-上海租房 招室友咯 坐标：地铁8号线芦恒路站5分钟可达，东方康安家园朝南大主卧，带阳台的，房子房东直租，精装全配拎包入住周边配套设施齐全，门口就有生鲜超市一应俱全，周边餐饮娱乐健身房等等……有意@请加微信LJL08711095,2017-06-12 20:30:59,0,1,0,0,https://weibo.com/u/5311986500
392,豌豆众创基地,:把那些“不必需、不合适、令人不舒适”的东西统统断绝、舍弃，并切断对它们的眷恋；你就能更好的高效生活；  是时候该换个生活方式了；来豌豆公寓；畅想拎包入住；感受“断舍离”的乐趣#吻你之时别再躲[音乐]# #租房找我# #上海租房##上海浦东租房##浦东租房##松江租房##上海松江租房##嘉定租房##上海嘉定租房##上海租房大家帮##上海浦东租房联播##公寓住宅##上海租房找室友##嗨住租房 ##上海魔都租房 ##上海浦东租房联播##上海租房无中介联盟##上海租房非中介##上海租房互助##上海租哪儿##上海租房公益转播##上海豌豆##上海租房信息##求合租！约吗？#@上海租房无中介 @巴乐兔租房管家 @豆瓣电影 @魔都租房 @上海新浪乐居@嗨住租房 @上海魔都租房 @上海浦东租房联播 @上海租房 @上海租房无中介联盟@房天下上海租房,2017-06-13 09:11:03,0,0,0,1,https://weibo.com/u/5627607851
394,用户5311986500,:#上海合租##上海租房无中介##浦东租房#@上海浦东租房联播 #嗨住上海租房##上海合租##上海租房##上海合租找室友# @上海租房 @上海租房无中介 @上海租房知道 @上海租房信息 @看房狗上海租房 @互助找房频道 @互助租房 @魔都租房 @上海租房无中介联盟 @上海租房合租公寓 @上海租房吧 @嗨住租房 @zuber-上海租房 招室友咯 坐标：地铁8号线芦恒路站5分钟可达，东方康安家园朝南大主卧，带阳台的，房子房东直租，精装全配拎包入住周边配套设施齐全，门口就有生鲜超市一应俱全，周边餐饮娱乐健身房等等……有意@请加微信LJL08711095,2017-06-12 20:30:59,0,1,0,0,https://weibo.com/u/5311986500
396,用户5311986500,:#上海新鲜事##上海合租##上海租房无中介##浦东租房#@上海浦东租房联播 #嗨住上海租房##上海合租##上海租房##上海合租找室友# @上海租房 @上海租房无中介 @上海租房知道 @上海租房信息 @看房狗上海租房 @互助找房频道 @互助租房 @魔都租房 @上海租房无中介联盟 @上海租房合租公寓 @上海租房吧 @嗨住租房 @zuber-上海租房 招室友咯 坐标：地铁8号线芦恒路站5分钟可达，东方康安家园朝南大主卧，带阳台的，房子房东直租，精装全配拎包入住周边配套设施齐全，门口就有生鲜超市一应俱全，周边餐饮娱乐健身房等等……有意@请加微信LJL08711095 http://t.cn/RXnNEL6,2017-06-12 17:04:51,0,0,0,0,https://weibo.com/u/5311986500
398,用户5311986500,:#上海租房无中介##浦东租房#@上海浦东租房联播 #嗨住上海租房##上海合租##上海租房##上海合租找室友# @上海租房 @上海租房无中介 @上海租房知道 @上海租房信息 @看房狗上海租房 @互助找房频道 @互助租房 @魔都租房 @上海租房无中介联盟 @上海租房合租公寓 @上海租房吧 @嗨住租房 @zuber-上海租房 招室友咯 坐标：地铁8号线芦恒路站5分钟可达，东方康安家园朝南大主卧，带阳台的，房子房东直租，精装全配拎包入住周边配套设施齐全，门口就有生鲜超市一应俱全，周边餐饮娱乐健身房一应俱全房租2200/月有意请加微信LJL08711095 http://t.cn/RXnNEL6,2017-06-02 20:29:11,0,0,3,0,https://weibo.com/u/5311986500
400,用户5311986500,:#上海租房无中介##浦东租房#@上海浦东租房联播 #嗨住上海租房##上海合租##上海租房##上海合租找室友# @上海租房 @上海租房无中介 @上海租房知道 @上海租房信息 @看房狗上海租房 @互助找房频道 @互助租房 @魔都租房 @上海租房无中介联盟 @上海租房合租公寓 @上海租房吧 @嗨住租房 @zuber-上海租房 招室友咯 坐标：地铁8号线芦恒路站5分钟可达，东方康安家园朝南大主卧，带阳台的，房子房东直租，精装全配拎包入住周边配套设施齐全，门口就有生鲜超市一应俱全，周边餐饮娱乐健身房一应俱全有意请加微信LJL08711095 http://t.cn/RXnNEL6,2017-06-02 20:27:16,0,0,0,0,https://weibo.com/u/5311986500
402,用户5311986500,:#浦东租房#@上海浦东租房联播 #嗨住上海租房##上海合租##上海租房##上海合租找室友# @上海租房 @上海租房无中介 @上海租房知道 @上海租房信息 @看房狗上海租房 @互助找房频道 @互助租房 @魔都租房 @上海租房无中介联盟 @上海租房合租公寓 @上海租房吧 @嗨住租房 @zuber-上海租房 招室友咯 坐标：地铁8号线芦恒路站5分钟可达，东方康安家园朝南大主卧，带阳台的，房子房东直租，精装全配拎包入住周边配套设施齐全，门口就有生鲜超市一应俱全，周边餐饮娱乐健身房一应俱全房租2200/月有意请加微信LJL08711095 http://t.cn/RXnNEL6,2017-06-02 19:47:34,0,0,0,0,https://weibo.com/u/5311986500
404,用户5311986500,:#浦东租房#@上海浦东租房联播 #嗨住上海租房##上海合租##上海租房##上海合租找室友# @上海租房 @上海租房无中介 @上海租房知道 @上海租房信息 @看房狗上海租房 @互助找房频道 @互助租房 @魔都租房 @上海租房无中介联盟 @上海租房合租公寓 @上海租房吧 @嗨住租房 @zuber-上海租房 招室友咯 坐标：地铁8号线芦恒路站5分钟可达，东方康安家园朝南大主卧，带阳台的，房子房东直租，精装全配拎包入住周边配套设施齐全，门口就有生鲜超市一应俱全，周边餐饮娱乐健身房一应俱全房租2200/月有意请加微信LJL08711095 http://t.cn/RXnNEL6,2017-06-02 19:41:33,0,0,0,0,https://weibo.com/u/5311986500
406,包租小学童,:#上海租房# 上海市中心服务型公寓，承接企业客户租房，接受短租一个月起，有全套备品，打扫服务，有正规发票，欢迎企业人事财务对接合作。V信:bob_lwb#上海徐汇租房##静安租房##长宁租房##浦东租房# ,2017-06-01 21:54:01,0,1,0,0,https://weibo.com/u/1655299561
407,上海浦东租房互助,,2017-06-01,1,2,0,1,https://weibo.com/u/6259480682
408,上海租房联播,浦东租房# #上海租房# #上海浦东租房联播#,2017-06-01,1,0,0,0,https://weibo.com/River1818
409,上海租房联播,浦东租房# #上海浦东租房联播# ##上海租房#,2017-06-01,1,0,1,1,https://weibo.com/River1818
410,上海租房联播,浦东租房# #上海租房# #上海浦东租房联播#,2017-05-26,1,1,1,2,https://weibo.com/River1818
411,创创先森,:#上海找房##上海浦东租房##浦东互助租房##上海浦东租房联播##浦东租房# 【陆家嘴】大三房觅室友【无中介】，靠谱室友碗里来 ,2017-05-22,0,0,0,2,https://weibo.com/u/2714426074
413,像风一样吹过吧,:豌豆公寓0中介 可长租  可短租；敢打折（长租8.5-9折）我相信真诚的租房服务就是让您找到更便宜更好的房子！致力为每一位租客提供更好的环境！[耶][互粉][心]#上海租房##上海浦东租房##浦东租房##松江租房##上海松江租房##嘉定租房##上海嘉定租房##上海租房大家帮##上海浦东租房联播##公寓住宅##上海租房找室友##嗨住租房 ##上海魔都租房 ##上海浦东租房联播##上海租房无中介联盟##上海租房非中介##上海租房互助##上海租哪儿##上海租房公益转播##上海豌豆##上海租房信息##求合租！约吗？#@上海租房无中介 @巴乐兔租房管家 @豆瓣电影 @魔都租房 @上海新浪乐居@嗨住租房 @上海魔都租房 @上海浦东租房联播 @上海租房 @上海租房无中介联盟@房天下上海租房 http://t.cn/z8X9e0s,2017-05-19 21:27:42,0,0,0,0,https://weibo.com/u/3731005572
415,豌豆众创基地,:豌豆公寓0中介 可长租  可短租；敢打折（长租8.5-9折）我相信真诚的租房服务就是让您找到更便宜更好的房子！致力为每一位租客提供更好的环境！[耶][互粉][心]#上海租房##上海浦东租房##浦东租房##松江租房##上海松江租房##嘉定租房##上海嘉定租房##上海租房大家帮##上海浦东租房联播##公寓住宅##上海租房找室友##嗨住租房 ##上海魔都租房 ##上海浦东租房联播##上海租房无中介联盟##上海租房非中介##上海租房互助##上海租哪儿##上海租房公益转播##上海豌豆##上海租房信息##求合租！约吗？#@上海租房无中介 @巴乐兔租房管家 @豆瓣电影 @魔都租房 @上海新浪乐居@嗨住租房 @上海魔都租房 @上海浦东租房联播 @上海租房 @上海租房无中介联盟@房天下上海租房,2017-05-18 19:29:01,0,1,1,1,https://weibo.com/u/5627607851
416,上海租房联播,浦东租房# #上海租房# #上海浦东租房联播#,2017-05-26,1,1,1,2,https://weibo.com/River1818
417,创创先森,:#上海找房##上海浦东租房##浦东互助租房##上海浦东租房联播##浦东租房# 【陆家嘴】大三房觅室友【无中介】，靠谱室友碗里来 ,2017-05-22,0,0,0,2,https://weibo.com/u/2714426074
419,像风一样吹过吧,:豌豆公寓0中介 可长租  可短租；敢打折（长租8.5-9折）我相信真诚的租房服务就是让您找到更便宜更好的房子！致力为每一位租客提供更好的环境！[耶][互粉][心]#上海租房##上海浦东租房##浦东租房##松江租房##上海松江租房##嘉定租房##上海嘉定租房##上海租房大家帮##上海浦东租房联播##公寓住宅##上海租房找室友##嗨住租房 ##上海魔都租房 ##上海浦东租房联播##上海租房无中介联盟##上海租房非中介##上海租房互助##上海租哪儿##上海租房公益转播##上海豌豆##上海租房信息##求合租！约吗？#@上海租房无中介 @巴乐兔租房管家 @豆瓣电影 @魔都租房 @上海新浪乐居@嗨住租房 @上海魔都租房 @上海浦东租房联播 @上海租房 @上海租房无中介联盟@房天下上海租房 http://t.cn/z8X9e0s,2017-05-19 21:27:42,0,0,0,0,https://weibo.com/u/3731005572
421,豌豆众创基地,:豌豆公寓0中介 可长租  可短租；敢打折（长租8.5-9折）我相信真诚的租房服务就是让您找到更便宜更好的房子！致力为每一位租客提供更好的环境！[耶][互粉][心]#上海租房##上海浦东租房##浦东租房##松江租房##上海松江租房##嘉定租房##上海嘉定租房##上海租房大家帮##上海浦东租房联播##公寓住宅##上海租房找室友##嗨住租房 ##上海魔都租房 ##上海浦东租房联播##上海租房无中介联盟##上海租房非中介##上海租房互助##上海租哪儿##上海租房公益转播##上海豌豆##上海租房信息##求合租！约吗？#@上海租房无中介 @巴乐兔租房管家 @豆瓣电影 @魔都租房 @上海新浪乐居@嗨住租房 @上海魔都租房 @上海浦东租房联播 @上海租房 @上海租房无中介联盟@房天下上海租房,2017-05-18 19:29:01,0,1,1,1,https://weibo.com/u/5627607851
423,旋旋_82934,:#上海租房无中介# #上海新鲜事# #浦东租房# #上海租房# 特价房！！！！浦东金桥清水苑，三室合租，朝南主卧，1700/月 ,2017-05-17 18:06:12,0,0,0,1,https://weibo.com/u/6240858139
425,像风一样吹过吧,:无中介费，豌豆公寓招租啦！有意向的call我哦：13122205326；#上海租房##上海浦东租房##浦东租房##松江租房##上海松江租房##嘉定租房##上海嘉定租房##上海租房大家帮##上海浦东租房联播##公寓住宅##上海租房找室友# 上海·嘉定新城 ,2017-05-05 21:58:08,0,0,0,0,https://weibo.com/u/3731005572
426,leosh03_985,:#上海租房# #上海浦东租房联播# #浦东互助租房# #上海浦东租房# #浦东租房# 求租浦东世博上南或三林附近2房，可办理居住证的，一家人住，楼层3层以下的 ,2017-05-04,0,0,0,0,https://weibo.com/u/1965212057
428,像风一样吹过吧,:你的5.1怎么过？？？[傻笑] #浦东租房##松江租房##上海租房##上海浦东租房# 上海·嘉定新城 ,2017-04-30 17:09:36,0,0,0,0,https://weibo.com/u/3731005572
429,凤凰城的先知,:#上海租房# #上海租房#求租浦东北艾路或者成山路锦绣路附近的房子，主卧，男生一人租，不带宠物#上海浦东租房# #浦东租房##浦东互助租房# ,2017-04-29,0,2,2,36,https://weibo.com/nolovewithin
430,杰西卡小伴,,2017-04-23,1,0,0,0,https://weibo.com/u/6175040521
431,上海租房联播,上海无中介租房# #浦东租房# #上海租房#,2017-04-08,1,0,0,0,https://weibo.com/River1818
432,上海租房联播,上海租房# ##浦东租房#,2017-03-30,1,0,0,0,https://weibo.com/River1818
433,杰西卡小伴,,2017-03-30,1,0,0,0,https://weibo.com/u/6175040521
435,上海租房联播,#上海租房# ##浦东租房# #上海浦东租房联播#,2017-03-29 19:44:12,0,0,0,0,https://weibo.com/River1818
436,上海租房联播,#浦东租房# #上海租房# #上海浦东租房联播#,2017-03-29,1,0,0,0,https://weibo.com/River1818
437,杰西卡小伴,,2017-03-29,1,0,0,0,https://weibo.com/u/6175040521
438,上海租房联播,上海租房# ##浦东租房# #上海浦东租房联播#,2017-03-28,1,0,0,0,https://weibo.com/River1818
440,豌豆众创基地,:地址：松江区车墩镇三浜路（松江出口加工区附近）租金：一室户单层户型长租800元/月。一室户复式户型长租972元/月，长租押二付一。复式户型可短租三个月，1080元/月，短租押一付一。心动不如行动，来约吧~[嘻嘻][嘻嘻]#上海租房##上海浦东租房##浦东租房##松江租房##上海松江租房##嘉定租房##上海嘉定租房##上海租房大家帮##上海浦东租房联播##公寓住宅##上海租房找室友##嗨住租房 ##上海魔都租房 ##上海浦东租房联播##上海租房无中介联盟##上海租房非中介##上海租房互助##上海租哪儿##上海租房公益转播##上海豌豆##上海租房信息##求合租！约吗？#@上海租房无中介 @巴乐兔租房管家 @豆瓣电影 @魔都租房 @上海新浪乐居@嗨住租房 @上海魔都租房 @上海浦东租房联播 @上海租房 @上海租房无中介联盟@房天下上海租房,2017-03-27 17:17:39,0,2,1,23,https://weibo.com/u/5627607851
441,上海租房联播,#浦东租房# #上海浦东租房联播# #上海租房#,2017-03-24,1,0,0,0,https://weibo.com/River1818
443,像风一样的吹过吧,:地址：松江区车墩镇三浜路（松江出口加工区附近）租金：一室户单层户型长租800元/月。一室户复式户型长租972元/月，长租押二付一。复式户型可短租三个月，1080元/月，短租押一付一。心动不如行动，来约吧~#上海租房##上海浦东租房##浦东租房##上海松江租房##上海嘉定租房##上海租房大家帮##上海租房非中介##上海豌豆# 有兴趣的伙伴加我微信哦！13122205326 http://t.cn/R2WiYg7,2017-03-21 15:52:18,0,0,0,0,https://weibo.com/u/1590115322
445,上海租房联播,#上海租房# #浦东租房# #上海浦东租房联播#,2017-03-19 12:17:30,0,0,0,0,https://weibo.com/River1818
447,像风一样的吹过吧,:#上海租房##上海浦东租房##浦东租房##松江租房##上海松江租房##嘉定租房##上海嘉定租房##上海租房大家帮##上海浦东租房联播##公寓住宅##上海租房找室友##嗨住租房 ##上海魔都租房 ##上海浦东租房联播##上海租房 ##上海租房无中介联盟##上海租房非中介##上海租房互助##上海租哪儿##上海租房公益转播##上海豌豆##上海租房信息##求合租！约吗？#@上海租房无中介联盟 @上海租房无中介 @巴乐兔租房管家 @豆瓣电影 @魔都租房 @上海新浪乐居@嗨住租房 @上海魔都租房 @上海浦东租房联播 @上海租房 @上海租房无中介联盟@房天下上海租房有兴趣的伙伴加我哦，手机同号13122205326 豌豆虽小，五脏俱全。给你15平方的价格，送你20平方的空间和视觉享受。家电全新，独立卫浴，拎包即住！不分房型全部九折，九折，九折！带上小伙伴一起来更是有惊喜等着你来哦！ http://t.cn/R2WiYg7,2017-03-17 18:33:28,0,0,0,0,https://weibo.com/u/1590115322
449,像风一样的吹过吧,:#上海租房##上海浦东租房##浦东租房##松江租房##上海松江租房##嘉定租房##上海嘉定租房##上海租房大家帮##上海浦东租房联播##公寓住宅##上海租房找室友##嗨住租房 ##上海魔都租房 ##上海浦东租房联播##上海租房 ##上海租房无中介联盟##上海租房非中介##上海租房互助##上海租哪儿##上海租房公益转播##上海豌豆##上海租房信息##求合租！约吗？#@上海租房无中介联盟 @上海租房无中介 @巴乐兔租房管家 @豆瓣电影 @魔都租房 @上海新浪乐居@嗨住租房 @上海魔都租房 @上海浦东租房联播 @上海租房 @上海租房无中介联盟@房天下上海租房有兴趣的伙伴加我哦，手机同号13122205326 豌豆公寓老客户介绍新客户有奖金，最高400元啦！配置：独立卫浴，空调、洗衣机、冰箱、热水器、独立WIFI，宽带端口，榻榻米存物柜。我在豌豆公寓，约吗？ http://t.cn/R2WiYg7,2017-03-15 22:36:44,0,0,0,0,https://weibo.com/u/1590115322
451,城家_第九小时,:#浦东租房#浦东蔡伦路精装修一室户首次出租啦!独立厨卫，家电齐全，温馨舒适，租期灵活，七天起租；拎包住，24小时专人管理，安全有保障。好的朋友在身边 爱的人住对面 与志同道合的人比肩相邻 优秀是一种氛围 与优秀的人在一起 你同样变得优秀。快约起来吧[来][来][来][抱抱_旧][抱抱_旧][抱抱_旧] ,2017-03-13 16:24:20,0,0,0,9,https://weibo.com/u/5834564353
452,上海租房联播,上海租房# #浦东租房# #上海浦东租房联播#,2017-03-09,1,0,0,0,https://weibo.com/River1818
454,像风一样的吹过吧,:#上海租房##上海租房找室友##上海租房大家帮##浦东租房# @上海租房 #上海浦东租房# 皮皮虾，我们走！我要去豌豆安个家[二哈]豌豆现有嘉定、浦东、松江等多个房源，家电全新配套齐全。欢迎上海各区小伙伴入住，这里的房子便宜又舒适~还可以认识到很多帅哥美女哦  ,2017-03-04 21:58:00,0,0,0,0,https://weibo.com/u/1590115322
456,sophia_曾梦想仗剑走天涯,:#上海租房##浦东租房#也不知道多少人看到，还是发一下吧[汗]，上海唐镇地铁站附近房子出租，距离地铁站走路7分钟坐公交2分钟（只有一站路），两室一厅原房无任何隔断改动，烧天然气，民用电便宜，家电齐全，随时可入住，现空出一间出租，房租2000，直接跟房东签合同无需中介费~ ,2017-03-04 18:58:51,0,1,0,2,https://weibo.com/sophia9099
457,Melody_Jocenly,上海租房无中介联盟 @互助租房 @上海租房 @上海租房 #16号线租房##浦东租房##上海浦东租房#,2017-02-28,1,0,0,0,https://weibo.com/u/2967002397
458,neil嗱藕,:#上海租房##浦东租房##上海短租# 求短租一个月房子 40分钟以内可以到中国保险大厦的[二哈]最好是整租或者主卧带卫生间和书桌的 魔都大佬们带我飞一下 ,2017-02-27,0,1,1,45,https://weibo.com/u/1726989102
459,卜蜗居,转#浦东租房##上海合租转租##上海租房不蜗居##上海合租##上海租房##上海浦东租房#,2017-01-18,1,0,0,0,https://weibo.com/will101
460,卜蜗居,转#浦东租房##上海合租转租##上海租房不蜗居##上海合租##上海租房##上海浦东租房#,2017-01-17,1,0,0,0,https://weibo.com/will101
461,卜蜗居,转#浦东租房##上海合租转租##上海租房不蜗居##上海合租##上海租房##上海浦东租房#,2017-01-17,1,0,0,0,https://weibo.com/will101
463,卜蜗居,:耀华路7/8号线零距离，无中介费，2000起，全明，家电家具全配，交通方便，附近7/8/13号线，周围吃喝玩乐一应俱全#浦东租房##上海合租转租##上海租房不蜗居##上海合租##上海租房##上海浦东租房# 中介勿扰，谢谢 ,2017-01-13 16:45:11,0,0,3,0,https://weibo.com/will101
464,卜蜗居,浦东租房#,2017-01-12,1,0,0,0,https://weibo.com/will101
466,城家_第九小时,:#浦东租房#浦东蔡伦路精装修一室户首次出租啦!独立厨卫，家电齐全，温馨舒适，租期灵活，七天起租，短租7天仅需699元；拎包住，24小时专人管理，安全有保障。好的朋友在身边 爱的人住对面 与志同道合的人比肩相邻 优秀是一种氛围 与优秀的人在一起 你同样变得优秀。快约起来吧[来][来][来][抱抱_旧]... ,2017-01-09 17:06:16,0,0,6,4,https://weibo.com/u/5834564353
468,城家_第九小时,:#浦东租房#浦东蔡伦路精装修一室户首次出租啦!独立厨卫，家电齐全，温馨舒适，租期灵活，七天起租；拎包住，24小时专人管理，安全有保障。好的朋友在身边 爱的人住对面 与志同道合的人比肩相邻 优秀是一种氛围 与优秀的人在一起 你同样变得优秀。快约起来吧[来][来][来][抱抱_旧][抱抱_旧][抱抱_旧] ,2017-01-03 15:05:20,0,0,4,0,https://weibo.com/u/5834564353
470,城家_第九小时,:#浦东租房#浦东蔡伦路精装修一室户首次出租啦!独立厨卫，家电齐全，温馨舒适，租期灵活，七天起租；拎包住，24小时专人管理，安全有保障。好的朋友在身边 爱的人住对面 与志同道合的人比肩相邻 优秀是一种氛围 与优秀的人在一起 你同样变得优秀。快约起来吧[来][来][来][抱抱_旧][抱抱_旧][抱抱_旧] ,2016-12-29 14:50:12,0,0,3,2,https://weibo.com/u/5834564353
471,豌豆众创基地,:#上海租房##浦东租房##金桥租房#有没有一盏灯是为你守候？豌豆公寓给你最温暖的守候，冬季特惠地铁房1500/月，来电18516695145 ,2016-12-12,0,0,0,2,https://weibo.com/u/5627607851
473,卜蜗居,:耀华路7/8号线零距离，无中介费，2000起，全明，家电家具全配，交通方便，附近7/8/13号线，周围吃喝玩乐一应俱全#浦东租房##上海合租转租##上海租房不蜗居##上海合租##上海租房##上海浦东租房# 中介勿扰，谢谢 ,2017-01-13 16:45:11,0,0,3,0,https://weibo.com/will101
474,卜蜗居,浦东租房#,2017-01-12,1,0,0,0,https://weibo.com/will101
476,城家_第九小时,:#浦东租房#浦东蔡伦路精装修一室户首次出租啦!独立厨卫，家电齐全，温馨舒适，租期灵活，七天起租，短租7天仅需699元；拎包住，24小时专人管理，安全有保障。好的朋友在身边 爱的人住对面 与志同道合的人比肩相邻 优秀是一种氛围 与优秀的人在一起 你同样变得优秀。快约起来吧[来][来][来][抱抱_旧]... ,2017-01-09 17:06:16,0,0,6,4,https://weibo.com/u/5834564353
478,城家_第九小时,:#浦东租房#浦东蔡伦路精装修一室户首次出租啦!独立厨卫，家电齐全，温馨舒适，租期灵活，七天起租；拎包住，24小时专人管理，安全有保障。好的朋友在身边 爱的人住对面 与志同道合的人比肩相邻 优秀是一种氛围 与优秀的人在一起 你同样变得优秀。快约起来吧[来][来][来][抱抱_旧][抱抱_旧][抱抱_旧] ,2017-01-03 15:05:20,0,0,4,0,https://weibo.com/u/5834564353
480,城家_第九小时,:#浦东租房#浦东蔡伦路精装修一室户首次出租啦!独立厨卫，家电齐全，温馨舒适，租期灵活，七天起租；拎包住，24小时专人管理，安全有保障。好的朋友在身边 爱的人住对面 与志同道合的人比肩相邻 优秀是一种氛围 与优秀的人在一起 你同样变得优秀。快约起来吧[来][来][来][抱抱_旧][抱抱_旧][抱抱_旧] ,2016-12-29 14:50:12,0,0,3,2,https://weibo.com/u/5834564353
482,glorydream小宝宝,:6号线洲海路，中高档小区--中冶尚城，品质租房，月租金1960，1990，更有附近房源1260起。这里有高素质的舍友、阿姨的月度保洁、师傅的及时维修、专业的服务管家。更多资讯，欢迎联系自如管家谷元，18501663047#上海租房##浦东租房# ,2016-10-21 09:01:15,0,0,0,0,https://weibo.com/u/5892279611
484,乐活家服务式公寓,:#浦东租房#雅朵酒店设计师操刀设计，汉庭酒店家具供应商提供全新家具，品牌家电入住，全新现代风装修风格，年轻人的最爱~实体拍摄，非中介！6号线金桥路站地铁电梯高端白领公寓房源，等待您的加入~@上海租房@上海租房推送 @房天下上海租房 @蘑菇租房@互助租房@每日上海 ,2016-09-26 12:57:48,0,2,2,4,https://weibo.com/welohashome
486,樱花树下热温泉,:#上海租房##浦东租房##张江互助租房发布# 2号线唐镇最靠近地铁的小区啦，走路十分钟，东唐苑原始主卧，不是一般的群租房装修哦，房子是以前房东自住的地板家具都是很好的。急转所以2000可小刀～包水网@上海租房 @上海租房无中介联盟 ,2016-09-18 09:56:59,0,0,2,3,https://weibo.com/u/5557812581
488,乐活家服务式公寓,:#浦东租房##上海租房#轨道交通六号线服务式公寓[偷笑]现代风格装修，独立厨卫，品牌家电，全新装修家具家电，首次出租。环境安静适合两人入住。靠近六号线金桥站，近金桥国际商业近碧云社区[害羞]价位：3000-3500地址：金桥路1480号近金台路联系方式：13524207705 微信同上 上海·金杨地区 ,2016-09-17 17:42:59,0,2,1,2,https://weibo.com/welohashome
489,Goldenmiles,浦东租房# #互助租房# #上海租房# #地铁房#,2016-09-05,1,0,0,0,https://weibo.com/goldenmiles
491,乐活家服务式公寓,:#浦东租房#宝宝很担心自己在上海租房遇到的黑心房东啊~浦东金桥路6号线地铁电梯房，房东直租，一房一价。真实房源，真实图片，非中介。非诚勿扰。详情咨询13524207705 ,2016-08-15 17:27:52,0,2,0,8,https://weibo.com/welohashome
493,王姓热心小王子,:@上海租房 #上海租房##浦东租房# 上海迪士尼附近 11号御桥地铁站  地杰国际城  单间～有床  空调 WiFi 可以做饭  押一付一  应届生可免押金  离地铁步行两分钟 ,2016-08-13 10:17:32,0,1,0,0,https://weibo.com/u/5747139194
495,浪浪友友,:#上海租房##浦东租房##三林租房# 靠8号线凌兆新村站、6号线灵岩南路站、11号线三林站 豪装主卧。地址：三林路429弄。 租金2100元 限女生。有意者请私信！ ,2016-08-13 00:18:57,0,3,0,0,https://weibo.com/u/2427090930
496,絮叨叨少女Ci_,:#上海租房##浦东租房##上海合租#  求租：靠近4或6号线地铁口，浦电路站30min内，1500以下租金的房子，最好一室户。 ,2016-08-12,0,0,0,16,https://weibo.com/u/3362073140
498,狮子座的Calvin,:出租一间卧室 6号线上南路出来就是0距离5分钟就到家 附近交通方便 高架 公交地铁都有 电影院 菜市场 也都很齐全 很干净 很整洁的房子 大套的 有想租的速度联系我@上海租房 #上海租房##浦东租房# ,2016-08-11 22:17:51,0,2,1,17,https://weibo.com/leoniscalvin
500,浪浪友友,:#上海租房##浦东租房# 6、8、11号线均十分钟左右，租金2100 豪华装修  地址：三林路429弄 （馨乐园） 有意者请私信 ,2016-08-04 13:24:26,0,1,0,23,https://weibo.com/u/2427090930
501,__chestNut,:#上海租房##浦东租房#2号线广兰路，朝南带阳台次臥出租，2000/月，仅限女生！@上海租房 @上海租房无中介联盟 @上海租房无中介 @上海无中介租房 求小伙伴们扩散~~谢谢！ 上海2号线广兰路，朝南带阳台次臥出租，2000/月，仅限女生！ ,2016-07-27,0,1,2,6,https://weibo.com/chestnuty
503,Vlinker_方,:爱她 就对她好一点 你会觉得值#上海租房##浦东租房##上海无中介租房# @上海租房无中介联盟 @上海租房互助 @上海租房无中介 @上海租房 @上海租房社区 @上海租房无中介联盟 上海·星巴克(禹州广场店) ,2016-07-23 18:10:03,0,0,0,0,https://weibo.com/278775547
505,王姓热心小王子,:#上海租房##浦东租房# 地铁十一号御桥路站附近超高性价比的好房～月租只有1430诶最近第一次毕业季租房这么紧脏居然还有这个价～有空调WiFi洗衣机可做饭～～有意向的可以联系哇 ,2016-07-17 09:35:10,0,0,0,0,https://weibo.com/u/5747139194
507,王姓热心小王子,:#上海租房##浦东租房# 毕业季有要在11号御桥地铁站附近租房子的嘛，应届生免押金哦！有WiFi空调洗衣机装修很nice哦 ,2016-07-15 08:00:19,0,0,0,0,https://weibo.com/u/5747139194
509,王姓热心小王子,:#上海租房##浦东租房# @上海租房求转发～ 御桥地铁站百米之内带阳台单间，装修炒鸡棒，周围环境好生活便利，有空调WiFi洗衣机可做饭，可押一付一噢  ~ ,2016-07-14 18:08:07,0,0,0,0,https://weibo.com/u/5747139194
511,七秒的神秘,:有房出租非中介、大复式公寓、有两层、可做客厅跟卧室、采光很好、大窗户、明亮、地点在金桥，禹州国际附近、[哈哈][哈哈][哈哈]请联系我非中介非中介非中介、重要的事情说三遍、13825778139、[花束]#上海无中介租房##无中介租房##求租房# @上海市中心求租房子 @上海租房无中介#浦东租房##求租浦东# ,2016-07-13 22:51:58,0,0,0,0,https://weibo.com/u/5960528390
513,七秒的神秘,:有房出租非中介、大复式公寓、有两层、可做客厅跟卧室、采光很好、大窗户、明亮、地点在金桥，禹州国际附近、[哈哈][哈哈][哈哈]请联系我非中介非中介非中介、重要的事情说三遍、13825778139、[花束]#上海无中介租房##无中介租房##求租房# @上海市中心求租房子 @上海租房无中介#浦东租房##求租浦东# ,2016-07-13 16:46:33,0,0,0,0,https://weibo.com/u/5960528390
515,七秒的神秘,:有房出租非中介、大复式公寓、有两层、可做客厅跟卧室、采光很好、大窗户、明亮、地点在金桥，禹州国际附近、[哈哈][哈哈][哈哈]请联系我非中介非中介非中介、重要的事情说三遍、13825778139、[花束]#上海无中介租房##无中介租房##求租房# @上海市中心求租房子 @上海租房无中介#浦东租房##求租浦东# ,2016-07-13 16:45:42,0,1,0,0,https://weibo.com/u/5960528390
517,七秒的神秘,:有房出租非中介、大复式公寓、有两层、可做客厅跟卧室、采光很好、大窗户、明亮、地点在金桥，禹州国际附近、[哈哈][哈哈][哈哈]请联系我非中介非中介非中介、重要的事情说三遍、13825778139、[花束]#上海无中介租房##无中介租房##求租房# @上海市中心求租房子 @上海租房无中介#浦东租房##求租浦东# ,2016-07-13 10:07:38,0,0,0,0,https://weibo.com/u/5960528390
519,七秒的神秘,:有房出租非中介、大复式公寓、有两层、可做客厅跟卧室、采光很好、大窗户、明亮、地点在金桥，禹州国际附近、[哈哈][哈哈][哈哈]请联系我非中介非中介非中介、重要的事情说三遍、13825778139、[花束]#上海无中介租房##无中介租房##求租房# @上海市中心求租房子 @上海租房无中介#浦东租房##求租浦东# ,2016-07-13 10:01:08,0,0,0,0,https://weibo.com/u/5960528390
521,七秒的神秘,:有房出租非中介、大复式公寓、有两层、可做客厅跟卧室、采光很好、大窗户、明亮、地点在金桥，禹州国际附近、[哈哈][哈哈][哈哈]请联系我非中介非中介非中介、重要的事情说三遍、13825778139、[花束]#上海无中介租房##无中介租房##求租房# @上海市中心求租房子 @上海租房无中介#浦东租房##求租浦东# ,2016-07-13 07:17:22,0,0,0,0,https://weibo.com/u/5960528390
523,七秒的神秘,:有房出租非中介、大复式公寓、有两层、可做客厅跟卧室、采光很好、大窗户、明亮、地点在金桥，禹州国际附近、[哈哈][哈哈][哈哈]请联系我非中介非中介非中介、重要的事情说三遍、13825778139、[花束]#上海无中介租房##无中介租房##求租房# @上海市中心求租房子 @上海租房无中介#浦东租房##求租浦东# ,2016-07-13 00:09:02,0,0,0,0,https://weibo.com/u/5960528390
525,你是猪啊啊啊啊啊啊货,:#上海租房# #浦东租房#浦东新区地铁站6号线德平路香山新村转租！！65平米！随时可入住！无中介费！！尽快入住就好！！整租精装修！！！5000，压二付三，～和房东签合同～@上海租房 @上海租房无中介 @上海租房无中介联盟 @上海租房 帮忙转给更多人看到谢谢！ ,2016-07-16 10:22:38,0,0,1,0,https://weibo.com/kongha0
527,王姓热心小王子,:#上海租房##浦东租房# 毕业季有要在11号御桥地铁站附近租房子的嘛，应届生免押金哦！有WiFi空调洗衣机装修很nice哦 ,2016-07-15 08:00:19,0,0,0,0,https://weibo.com/u/5747139194
529,王姓热心小王子,:#上海租房##浦东租房# @上海租房求转发～ 御桥地铁站百米之内带阳台单间，装修炒鸡棒，周围环境好生活便利，有空调WiFi洗衣机可做饭，可押一付一噢  ~ ,2016-07-14 18:08:07,0,0,0,0,https://weibo.com/u/5747139194
531,七秒的神秘,:有房出租非中介、大复式公寓、有两层、可做客厅跟卧室、采光很好、大窗户、明亮、地点在金桥，禹州国际附近、[哈哈][哈哈][哈哈]请联系我非中介非中介非中介、重要的事情说三遍、13825778139、[花束]#上海无中介租房##无中介租房##求租房# @上海市中心求租房子 @上海租房无中介#浦东租房##求租浦东# ,2016-07-13 22:51:58,0,0,0,0,https://weibo.com/u/5960528390
533,七秒的神秘,:有房出租非中介、大复式公寓、有两层、可做客厅跟卧室、采光很好、大窗户、明亮、地点在金桥，禹州国际附近、[哈哈][哈哈][哈哈]请联系我非中介非中介非中介、重要的事情说三遍、13825778139、[花束]#上海无中介租房##无中介租房##求租房# @上海市中心求租房子 @上海租房无中介#浦东租房##求租浦东# ,2016-07-13 16:46:33,0,0,0,0,https://weibo.com/u/5960528390
535,七秒的神秘,:有房出租非中介、大复式公寓、有两层、可做客厅跟卧室、采光很好、大窗户、明亮、地点在金桥，禹州国际附近、[哈哈][哈哈][哈哈]请联系我非中介非中介非中介、重要的事情说三遍、13825778139、[花束]#上海无中介租房##无中介租房##求租房# @上海市中心求租房子 @上海租房无中介#浦东租房##求租浦东# ,2016-07-13 16:45:42,0,1,0,0,https://weibo.com/u/5960528390
537,七秒的神秘,:有房出租非中介、大复式公寓、有两层、可做客厅跟卧室、采光很好、大窗户、明亮、地点在金桥，禹州国际附近、[哈哈][哈哈][哈哈]请联系我非中介非中介非中介、重要的事情说三遍、13825778139、[花束]#上海无中介租房##无中介租房##求租房# @上海市中心求租房子 @上海租房无中介#浦东租房##求租浦东# ,2016-07-13 10:07:38,0,0,0,0,https://weibo.com/u/5960528390
539,七秒的神秘,:有房出租非中介、大复式公寓、有两层、可做客厅跟卧室、采光很好、大窗户、明亮、地点在金桥，禹州国际附近、[哈哈][哈哈][哈哈]请联系我非中介非中介非中介、重要的事情说三遍、13825778139、[花束]#上海无中介租房##无中介租房##求租房# @上海市中心求租房子 @上海租房无中介#浦东租房##求租浦东# ,2016-07-13 10:01:08,0,0,0,0,https://weibo.com/u/5960528390
541,七秒的神秘,:有房出租非中介、大复式公寓、有两层、可做客厅跟卧室、采光很好、大窗户、明亮、地点在金桥，禹州国际附近、[哈哈][哈哈][哈哈]请联系我非中介非中介非中介、重要的事情说三遍、13825778139、[花束]#上海无中介租房##无中介租房##求租房# @上海市中心求租房子 @上海租房无中介#浦东租房##求租浦东# ,2016-07-13 07:17:22,0,0,0,0,https://weibo.com/u/5960528390
543,卡卡seven,:#上海租房##浦东租房##上海合租##合租##租房#[下] 直接看图片，招女妹纸一枚。押一付一，独立大床，浦东地铁站门口小区！ 上海·巨峰家苑(西门) ,2016-06-18 23:05:17,0,0,1,4,https://weibo.com/u/1826062185
544,卡卡seven,上海合租##浦东租房##上海租房#招女室友一枚，你有独自的1米5大单人床[酷]及2个安静的小伙伴，快来联系我们哦， 查看图片,2016-06-18,1,0,0,0,https://weibo.com/u/1826062185
545,北向暖阳心有戚戚焉,:#上海租房##浦东租房##魔都租房#求古铜村，交江大厦，建中小区，汤臣，汇智家园的两室，预算2000/人左右，朝南，3-5层。 ,2016-06-17,0,0,0,3,https://weibo.com/u/2988223370
546,北向暖阳心有戚戚焉,魔都租房##上海租房##浦东租房#【求租】,2016-06-14,1,1,0,2,https://weibo.com/u/2988223370
547,白羽穹BAY,:#浦东租房# 明年2.1正式transfer到上海了，请大家帮忙推荐合适的房源哈～希望在大连路地铁站附近 或4/12号地铁沿线 通勤时间半小时内；预算2k左右；不要隔断间；小区方便停车，附近最好有公园可以跑跑步；两居室或三居室可自带室友～推荐成功有红包噢或家宴招待[爱你]@上海租房 @酥兄的葱哥哥 ,2015-12-17,0,5,1,14,https://weibo.com/cqby
549,森山驯鹿者,:八佰伴附近潍坊七村招室友（次卧）为了上课方便才搬过来的 走到学校10分钟妥妥还可以去买个早点 步行20分钟也可以到八佰伴了 蓝带新生优先[害羞] 没事回家还能一起做个蛋糕神马的哈哈 烤箱什么我都买了 看过周边老房子的就知道我找这套有多艰难了 房间具体见图#上海租房##浦东租房# ,2015-07-06 20:19:32,0,3,0,9,https://weibo.com/onlylesley
551,jason闻,:#上海租房##上海合租##浦东租房#浦东新区-东方城市华庭单间出租， 浦东新区东高路751弄。距离地铁站350米，步行5分钟。微信或[电话]13818832968。 ,2015-04-23 14:37:49,0,0,0,0,https://weibo.com/u/2143900614
553,两块钱two-yuan,:今天开始我大蘑菇服务费从月租金10%下调为月租金5%，我们一直在进步只为广大租客提供更加棒的租住体验。#上海租房##上海合租房##单身公寓##浦东租房# 上海·涵合园 ,2015-04-09 10:45:29,0,1,0,7,https://weibo.com/u/2708741337
555,租赁新时代,:#上海浦东租房## 上海租房# #浦东租房##蘑菇公寓上海租房# 今日推荐 ,2015-02-23 17:38:45,0,1,5,10,https://weibo.com/314797309
556,房天下上海特价租房,,2014-10-04,1,2,2,0,https://weibo.com/soufunrent
557,北京像素小区App,:#浦东租房#三林新村小区怎么样？ ,2014-07-19,0,0,0,0,https://weibo.com/u/3501269983
558,王惠標先生,浦东# #浦东租房# #租房# ,2014-02-11,1,0,0,5,https://weibo.com/w15821333444
559,Li李江涛,:各位朋友，#浦东二手房##浦东租房#我刚刚在#58同城#发布了一条#租房#信息：“#三林##世华锦城# 2室1厅75平米 精装修 押一付三 宜家家居”，求转发，求扩散！谢谢！http://t.cn/8FKr06i http://t.cn/8FKrSIW  ,2014-02-09,0,0,0,1,https://weibo.com/cainiaotao
561,88同城分类网_88tc_com,:#浦发绿城##浦东租房#浦发绿城 地铁口 毛坯三房 生活交通两相宜。点击查看 http://t.cn/8Fohb7C ,2014-02-07 19:18:43,0,0,0,0,https://weibo.com/88tc
563,88同城分类网_88tc_com,:#黄山新村（一至三期）##浦东租房#黄山新村 地铁小三房 全装全配 首次出租 价格超低！无需犹豫。点击查看 http://t.cn/8knaYOb ,2013-12-26 14:24:48,0,0,0,0,https://weibo.com/88tc
565,88同城分类网_88tc_com,:#羽北小区##浦东租房#地铁六号线 羽山路菜市场 精装修全配 低价。点击查看 http://t.cn/8knzqAn ,2013-12-26 09:58:42,0,0,0,1,https://weibo.com/88tc
566,88同城分类网_88tc_com,:#中大新苑##浦东租房#集舒适，温馨，大气，现代于一身的房东自住房出租。点击查看 http://t.cn/8kRKb2b ,2013-12-25,0,0,0,0,https://weibo.com/88tc
567,88同城分类网_88tc_com,:#江南山水##浦东租房#江南山水 家私家电齐 干净舒适漂亮 屋子通风采光好。点击查看 http://t.cn/8kRK4mK ,2013-12-25,0,0,0,1,https://weibo.com/88tc
569,88同城分类网_88tc_com,:#巨峰家苑##浦东租房#巨峰家苑别墅出租5房3卫 婚房装修首次出租 近地铁6号线。点击查看 http://t.cn/8kpkjgV ,2013-12-20 09:20:56,0,0,0,0,https://weibo.com/88tc
571,88同城分类网_88tc_com,:#证大家园四期##浦东租房#证大2房2厅出租3500元/月首次出租 精装修 近地铁6号线和家乐福。点击查看 http://t.cn/8kpkW1c ,2013-12-20 09:20:41,0,0,0,0,https://weibo.com/88tc
573,88同城分类网_88tc_com,:#证大家园三期##浦东租房#证大2房2厅出租3000元/月 首次出租，精装全配，最便宜一套2房。点击查看 http://t.cn/8kpkWCN ,2013-12-20 09:20:39,0,0,0,0,https://weibo.com/88tc
575,88同城分类网_88tc_com,:#浦发绿城##浦东租房#紧急出租76平米毛坯整租。点击查看 http://t.cn/8kNQzQh ,2013-12-19 17:07:00,0,0,0,0,https://weibo.com/88tc
577,88同城分类网_88tc_com,:#金领国际##浦东租房#稀缺，精装修2600元，定有一款适合你。点击查看 http://t.cn/8ky7nfv ,2013-11-27 10:50:59,0,0,0,0,https://weibo.com/88tc
579,88同城分类网_88tc_com,:#金领国际##浦东租房#稀缺，精装修2600元，定有一款适合你。点击查看 http://t.cn/8ky7nfv ,2013-11-27 10:50:25,0,0,0,0,https://weibo.com/88tc
581,努力搬砖的小药水,:#浦东租房#【 世纪公园，单间，独卫，1800/月】地址：浦东新区樱花路瑞达新苑小区条件：15平米左右，朝北带飘窗，有独立卫生间，马桶淋浴房都是独立的。房间里有衣橱，彩电。共用区域有冰箱和洗衣机，公共区域房东会找人打扫。（帮房东一起转租下，详情请戳原帖） http://t.cn/z8kidNe  ,2013-09-26 12:58:44,0,0,1,23,https://weibo.com/521war3
583,88同城分类网_88tc_com,:#巨峰家苑##浦东租房#巨峰家苑南北通透3室 超值 值得拥有。点击查看 http://t.cn/z8BO4iU ,2013-09-22 21:43:08,0,0,0,0,https://weibo.com/88tc
585,88同城分类网_88tc_com,:#龙沟新苑##浦东租房#绝对靓盘！唯一电梯房，超值家具家电齐全，南北通透。随时空出！。点击查看 http://t.cn/z887oW9 ,2013-09-18 07:41:33,0,0,0,0,https://weibo.com/88tc
587,88同城分类网_88tc_com,":#翔川家园##浦东租房#翔川家园 20平出租，业主直租，看房方便,紧邻地铁站精装全配。点击查看 http://t.cn/z887Xit ",2013-09-18 07:40:55,0,0,0,0,https://weibo.com/88tc
589,88同城分类网_88tc_com,":#翔川家园##浦东租房#翔川家园 20平出租，业主直租，看房方便,紧邻地铁站精装全配。点击查看 http://t.cn/z887Xit ",2013-09-18 07:40:54,0,0,0,0,https://weibo.com/88tc
591,88同城分类网_88tc_com,:#东五小区##浦东租房#正规有匙即睇！东五小区63平米，诚心出租！。点击查看 http://t.cn/z8K1iH5 ,2013-09-10 20:17:17,0,0,0,0,https://weibo.com/88tc
593,88同城分类网_88tc_com,:#文兰小区##浦东租房#精装朝南一房紧靠地铁4.6号线~拎包入住。点击查看 http://t.cn/z8K1xMA ,2013-09-10 20:16:44,0,0,0,0,https://weibo.com/88tc
595,88同城分类网_88tc_com,:#金浦小区##浦东租房#舒适居家两房觅爱干净人士~仁济对面~地铁4，6号。点击查看 http://t.cn/z8xWHq1 ,2013-09-05 18:12:54,0,0,0,0,https://weibo.com/88tc
597,江浙沪周边一手销售,:#浦东租房#世华锦城  多层5楼  55平  3200一个月  精装修  真实照片  靠近         #地铁8号线  #       (@浦东房产公司 我在:上浜路 ,2013-11-23 15:25:02,0,1,0,0,https://weibo.com/u/3777967077
599,努力搬砖的小药水,:#浦东租房#【 世纪公园，单间，独卫，1800/月】地址：浦东新区樱花路瑞达新苑小区条件：15平米左右，朝北带飘窗，有独立卫生间，马桶淋浴房都是独立的。房间里有衣橱，彩电。共用区域有冰箱和洗衣机，公共区域房东会找人打扫。（帮房东一起转租下，详情请戳原帖） http://t.cn/z8kidNe  ,2013-09-26 12:58:44,0,0,1,23,https://weibo.com/521war3
601,88同城分类网_88tc_com,:#巨峰家苑##浦东租房#巨峰家苑南北通透3室 超值 值得拥有。点击查看 http://t.cn/z8BO4iU ,2013-09-22 21:43:08,0,0,0,0,https://weibo.com/88tc
603,88同城分类网_88tc_com,:#龙沟新苑##浦东租房#绝对靓盘！唯一电梯房，超值家具家电齐全，南北通透。随时空出！。点击查看 http://t.cn/z887oW9 ,2013-09-18 07:41:33,0,0,0,0,https://weibo.com/88tc
605,88同城分类网_88tc_com,":#翔川家园##浦东租房#翔川家园 20平出租，业主直租，看房方便,紧邻地铁站精装全配。点击查看 http://t.cn/z887Xit ",2013-09-18 07:40:55,0,0,0,0,https://weibo.com/88tc
607,88同城分类网_88tc_com,":#翔川家园##浦东租房#翔川家园 20平出租，业主直租，看房方便,紧邻地铁站精装全配。点击查看 http://t.cn/z887Xit ",2013-09-18 07:40:54,0,0,0,0,https://weibo.com/88tc
609,88同城分类网_88tc_com,:#东五小区##浦东租房#正规有匙即睇！东五小区63平米，诚心出租！。点击查看 http://t.cn/z8K1iH5 ,2013-09-10 20:17:17,0,0,0,0,https://weibo.com/88tc
611,88同城分类网_88tc_com,:#文兰小区##浦东租房#精装朝南一房紧靠地铁4.6号线~拎包入住。点击查看 http://t.cn/z8K1xMA ,2013-09-10 20:16:44,0,0,0,0,https://weibo.com/88tc
613,88同城分类网_88tc_com,:#金浦小区##浦东租房#舒适居家两房觅爱干净人士~仁济对面~地铁4，6号。点击查看 http://t.cn/z8xWHq1 ,2013-09-05 18:12:54,0,0,0,0,https://weibo.com/88tc
615,88同城分类网_88tc_com,:#新芦苑##浦东租房#店长推荐！500元/月新芦苑~可提包随时住~。点击查看 http://t.cn/zQTWPgD ,2013-08-11 20:20:00,0,0,0,0,https://weibo.com/88tc
616,88同城分类网_88tc_com,:#梅园四街坊##浦东租房#我爱我家 全优房源！南北向90㎡，家具电器齐全，随时入住。点击查看 http://t.cn/zQ05f1P ,2013-08-08,0,0,0,0,https://weibo.com/88tc
617,88同城分类网_88tc_com,:#梅园四街坊##浦东租房#我爱我家 全优房源！精装 全配 朝南带阳台 世纪大道站。点击查看 http://t.cn/zQ05f63 ,2013-08-08,0,0,0,0,https://weibo.com/88tc
619,88同城分类网_88tc_com,:#金杨十一街坊##浦东租房#房东诚意出租价格好谈非常好的装修欢迎来电咨询。点击查看 http://t.cn/zQqnziQ ,2013-07-19 07:13:03,0,0,0,0,https://weibo.com/88tc
621,88同城分类网_88tc_com,:#申江豪城##浦东租房#申江豪城，紧靠地铁8号线 精装全配。点击查看 http://t.cn/zTcoaYR ,2013-04-14 00:21:37,0,0,0,0,https://weibo.com/88tc
623,纳兰木仓,:#浦东租房#【6图】家乐福-主卧-6号线-朝南-高档小区，上海合租房 - 上海赶集网 http://t.cn/zT5Iub7   小区安全，赶紧，交通方便，离超市，菜市场很近，比邻6号线，无中介费。需要的朋友赶紧了。 ,2013-04-11 12:46:35,0,0,0,1,https://weibo.com/micstream
625,88同城分类网_88tc_com,:#翠竹苑##浦东租房#十万火急笋价出租，南北向3房。点击查看 http://t.cn/zTbQJV1 ,2013-04-08 18:28:58,0,0,0,0,https://weibo.com/88tc
627,88同城分类网_88tc_com,:#上钢三村##浦东租房#上钢三村 简单装修 全配 近7号线耀华站。点击查看 http://t.cn/zT49kf3 ,2013-04-07 15:57:19,0,0,0,0,https://weibo.com/88tc
629,88同城分类网_88tc_com,:#峨山小区##浦东租房#峨山小区，超值精品，随时看房。点击查看 http://t.cn/zTU1sZ9 ,2013-04-06 20:41:22,0,0,0,0,https://weibo.com/88tc
631,纳兰木仓,":#浦东租房# #赶集网#【6图】6号线-主卧-朝南-证大家园-家乐福，上海合租房 - 上海赶集网 http://t.cn/zT2duvC  离6号线300米,附近有家乐福,公交发达,打羽毛球的朋友,这里离博宽500米。小区银行有如建行、农行、工行、中行等等。 ",2013-04-03 13:23:29,0,1,2,5,https://weibo.com/micstream
633,纳兰木仓,":#浦东租房# 证大家园五期-朝南主卧-6号线-家乐福旁-精装修，950元,大家帮忙多转噢! http://t.cn/zTwrUA7 (通过#百姓网#发布)   电梯房，离超市和地铁超近！ ",2013-04-01 09:47:21,0,0,4,5,https://weibo.com/micstream
634,88同城分类网_88tc_com,:#环球翡翠湾花园##浦东租房#稀缺好房型，100平米3000元/月，先到先得。点击查看 http://t.cn/zTvoxOQ ,2013-03-25,0,0,0,1,https://weibo.com/88tc
636,88同城分类网_88tc_com,:#崂山二村##浦东租房#为您推荐崂山二村一精装房，价格便宜，楼层好！。点击查看 http://t.cn/zYFDvAh ,2013-03-23 16:29:21,0,0,0,0,https://weibo.com/88tc
638,88同城分类网_88tc_com,:#云一小区##浦东租房#1800元/月，环境幽静，居住舒适！。点击查看 http://t.cn/zYkM30L ,2013-03-21 15:50:22,0,0,0,0,https://weibo.com/88tc
640,88同城分类网_88tc_com,:#德州一村##浦东租房#南北向德州一村采光好，拎包随时就可以入住！。点击查看 http://t.cn/zYkGuz6 ,2013-03-21 13:19:39,0,0,0,0,https://weibo.com/88tc
642,88同城分类网_88tc_com,:#德铭苑##浦东租房#超好的地段，可直接入住，1房1500元/月。点击查看 http://t.cn/zYkzplB ,2013-03-21 09:34:16,0,0,0,0,https://weibo.com/88tc
644,88同城分类网_88tc_com,:#昌七小区##浦东租房#超低价2房火热出炉，好房不等人，赶快联系。点击查看 http://t.cn/zYeeDKJ ,2013-03-19 18:43:11,0,0,0,0,https://weibo.com/88tc
646,88同城分类网_88tc_com,:#宁阳小区##浦东租房#精装两房~地铁4号塘桥站，拎包入住 钥匙房 秒杀。点击查看 http://t.cn/zYemV9X ,2013-03-19 15:29:03,0,0,0,0,https://weibo.com/88tc
648,88同城分类网_88tc_com,:#尚东国际名园##浦东租房#尚东国际名园3房名牌家私电器，拎包入住。点击查看 http://t.cn/zYeErQc ,2013-03-19 14:56:57,0,0,0,0,https://weibo.com/88tc
649,88同城分类网_88tc_com,:#三林世博家园##浦东租房#稀缺好房型，南北向850元/月，先到先得。点击查看 http://t.cn/zYeqDuz ,2013-03-18,0,0,0,0,https://weibo.com/88tc
651,88同城分类网_88tc_com,:#文兰小区##浦东租房#地铁口 关口，精装修63平米，平租。点击查看 http://t.cn/zYeZtvn ,2013-03-18 17:08:38,0,0,0,0,https://weibo.com/88tc
653,88同城分类网_88tc_com,:#宁阳小区##浦东租房#低价出租南向2300元/月，随时带看。点击查看 http://t.cn/zYeZ5El ,2013-03-18 17:08:31,0,0,0,0,https://weibo.com/88tc
655,88同城分类网_88tc_com,:#香山新村东南街坊##浦东租房#稀缺好房型，2500元/月南向，先到先得 5。点击查看 http://t.cn/zYgeY6e ,2013-03-18 13:35:56,0,0,0,0,https://weibo.com/88tc
656,88同城分类网_88tc_com,:#东方悦居##浦东租房#南向中等装修东方悦居，环境幽静，居住舒适！。点击查看 http://t.cn/zYgelSW ,2013-03-18,0,0,0,0,https://weibo.com/88tc
658,88同城分类网_88tc_com,:#东方悦居##浦东租房#南向中等装修东方悦居，环境幽静，居住舒适！。点击查看 http://t.cn/zYgeW9W ,2013-03-18 13:34:51,0,0,0,0,https://weibo.com/88tc
660,88同城分类网_88tc_com,:#塘东小区##浦东租房#店长推荐  42平米   可提包随时入住。点击查看 http://t.cn/zYgnIsz ,2013-03-18 10:14:59,0,0,0,0,https://weibo.com/88tc
662,88同城分类网_88tc_com,:#东二小区##浦东租房#精装修，家电家具齐全有钥匙随时能看!近地铁！。点击查看 http://t.cn/zY8PV1q ,2013-03-04 17:48:44,0,0,0,0,https://weibo.com/88tc
664,88同城分类网_88tc_com,:#东旺名苑##浦东租房#地铁口 关口，东旺名苑3900元/月。点击查看 http://t.cn/zYHm2hR ,2013-03-03 15:33:51,0,0,0,0,https://weibo.com/88tc
666,88同城分类网_88tc_com,:#世华锦城##浦东租房#世华锦城，精装修，全配。3000。点击查看 http://t.cn/zYHmPVF ,2013-03-03 15:32:51,0,1,0,0,https://weibo.com/88tc
668,88同城分类网_88tc_com,:#世华锦城##浦东租房#世华锦城，精装修，全配。3000。点击查看 http://t.cn/zYHmPVF ,2013-03-03 15:31:38,0,0,0,0,https://weibo.com/88tc
670,88同城分类网_88tc_com,:#金浦小区##浦东租房#室内干净整洁，温馨舒适，邻近地铁交通便利，急出租。点击查看 http://t.cn/zYHaAXQ ,2013-03-03 08:31:49,0,0,0,0,https://weibo.com/88tc
672,88同城分类网_88tc_com,:#世茂滨江花园##浦东租房#高区三房，看天鹅湖。点击查看 http://t.cn/zYHh6nN ,2013-03-02 22:28:15,0,0,0,0,https://weibo.com/88tc
673,88同城分类网_88tc_com,:#世茂滨江花园##浦东租房#看苏州园林3房。点击查看 http://t.cn/zYHhimV ,2013-03-02,0,0,0,0,https://weibo.com/88tc
675,88同城分类网_88tc_com,:#世茂滨江花园##浦东租房#高区大两房，物况全新。点击查看 http://t.cn/zYHhipy ,2013-03-02 22:27:58,0,0,0,0,https://weibo.com/88tc
677,88同城分类网_88tc_com,:#世茂滨江花园##浦东租房#cheapest 四房。点击查看 http://t.cn/zYHhiiz ,2013-03-02 22:27:56,0,0,0,0,https://weibo.com/88tc
679,88同城分类网_88tc_com,:#万科金色雅筑##浦东租房#万科金色雅筑3房名牌家私电器，拎包入住。点击查看 http://t.cn/zYTElBG ,2013-03-02 17:17:50,0,0,0,0,https://weibo.com/88tc
681,88同城分类网_88tc_com,:#潍坊十村##浦东租房#潍坊十村 近世纪大道站浦电路站 温馨精致二房 承诺真实照片！。点击查看 http://t.cn/zYYdKPD ,2013-03-01 22:35:08,0,0,0,0,https://weibo.com/88tc
683,88同城分类网_88tc_com,:#白杨小区##浦东租房#白杨小区婚房装修2房！清爽、舒适！让你有一种一见如故的感觉！。点击查看 http://t.cn/zYYBGrI ,2013-03-01 21:57:16,0,0,0,0,https://weibo.com/88tc
685,88同城分类网_88tc_com,:#明珠花苑##浦东租房#7号线长清路站  电梯房3房全装全配的。点击查看 http://t.cn/zYYB7lI ,2013-03-01 21:54:12,0,0,0,0,https://weibo.com/88tc
687,88同城分类网_88tc_com,:#浦建小区##浦东租房#一房一大厅紧靠地铁口真实照片~超值好房。点击查看 http://t.cn/zYYBP9w ,2013-03-01 21:53:38,0,0,0,0,https://weibo.com/88tc
689,88同城分类网_88tc_com,:#浦建小区##浦东租房#精装一房一厅刚刚空出~看房我有钥匙 靠地铁4号线。点击查看 http://t.cn/zYYmd39 ,2013-03-01 20:59:33,0,0,0,0,https://weibo.com/88tc
691,88同城分类网_88tc_com,:#翰城国际##浦东租房#超值3房便宜出租了！急急急！。点击查看 http://t.cn/zYYmdU9 ,2013-03-01 20:59:21,0,0,0,0,https://weibo.com/88tc
693,88同城分类网_88tc_com,:#上钢五村##浦东租房#上钢八村地铁两房 中等装修 家具家电全配 可拎包入住！。点击查看 http://t.cn/zYYmc9q ,2013-03-01 20:49:12,0,0,0,0,https://weibo.com/88tc
695,88同城分类网_88tc_com,:#妙境一村##浦东租房#妙境一村 精装3室1厅出租 2500/月。点击查看 http://t.cn/zYYJr75 ,2013-03-01 13:32:47,0,0,0,0,https://weibo.com/88tc
697,88同城分类网_88tc_com,:#东方城市绿洲##浦东租房#电梯精装小3房 3000/月。点击查看 http://t.cn/zYYJ9rb ,2013-03-01 13:26:46,0,0,0,0,https://weibo.com/88tc
699,88同城分类网_88tc_com,:#罗山四村##浦东租房#罗山四村 （实拍） 婚房全明户型 首次出租 急急急。点击查看 http://t.cn/zYYGWAT ,2013-03-01 10:29:25,0,0,0,0,https://weibo.com/88tc
701,88同城分类网_88tc_com,:#新都花园##浦东租房#新都花园 两室两厅 仅此一套 精装 全配 随时看。点击查看 http://t.cn/zYjoFS9 ,2013-02-28 21:35:59,0,0,0,0,https://weibo.com/88tc
703,88同城分类网_88tc_com,:#梅园四街坊##浦东租房#三房 4200 正规高性价比 您最好的选择 实图。点击查看 http://t.cn/zYjirKC ,2013-02-28 19:58:18,0,0,0,0,https://weibo.com/88tc
705,88同城分类网_88tc_com,:#梅园三街坊##浦东租房#世纪大道10分钟 首次出租 实图 详情看描述。点击查看 http://t.cn/zYjiB4c ,2013-02-28 19:57:59,0,0,0,0,https://weibo.com/88tc
707,88同城分类网_88tc_com,:#梅园四街坊##浦东租房#世纪大道最近 最便宜三房 实图 抢租中。点击查看 http://t.cn/zYljY0S ,2013-02-27 23:28:20,0,0,0,0,https://weibo.com/88tc
708,88同城分类网_88tc_com,:#国际金融家##浦东租房#就是唯一 豪华装修酒店式公寓 下了地铁就到家。点击查看 http://t.cn/zYljYJd ,2013-02-27,0,0,0,0,https://weibo.com/88tc
710,88同城分类网_88tc_com,:#联洋年华##浦东租房#精装修带地暖，全配，看房有钥匙，提供多套对比。点击查看 http://t.cn/zYWLOYJ ,2013-02-26 15:58:58,0,0,0,0,https://weibo.com/88tc
712,88同城分类网_88tc_com,:#乳山五村##浦东租房#陆家嘴——乳山五村——世纪大道地铁口。点击查看 http://t.cn/zYW2o3z ,2013-02-26 15:38:11,0,0,0,0,https://weibo.com/88tc
714,88同城分类网_88tc_com,:#世茂滨江花园##浦东租房#《德佑100%真实房源》豪装18楼看天鹅湖、黄浦江江景。点击查看 http://t.cn/zYOrDg7 ,2013-02-26 10:36:28,0,0,0,0,https://weibo.com/88tc
715,88同城分类网_88tc_com,:#菊园##浦东租房#《德佑100%真实房源》陆家嘴稀缺南北通6房复式胜江临天下。点击查看 http://t.cn/zYOruA4 ,2013-02-26,0,0,0,0,https://weibo.com/88tc
716,88同城分类网_88tc_com,:#见龙苑##浦东租房#步行街高档小区，电梯房，真图，精装全配，拎包入住。点击查看 http://t.cn/zYOIhnB ,2013-02-25,0,0,0,0,https://weibo.com/88tc
718,88同城分类网_88tc_com,:#汇豪天下##浦东租房#《德佑100%真实房源》中层景观房，胜江临天下菊园。点击查看 http://t.cn/zYOZscN ,2013-02-25 16:30:40,0,0,0,0,https://weibo.com/88tc
720,88同城分类网_88tc_com,:#高科西路3030弄##浦东租房#超大两南房，精装修，价格实惠，真实照片。点击查看 http://t.cn/zY0enmX ,2013-02-25 13:06:41,0,0,0,0,https://weibo.com/88tc
722,88同城分类网_88tc_com,:#汇豪天下##浦东租房#《德佑100%真实房源》全南，胜江临天下菊园仁恒滨江园。点击查看 http://t.cn/zY01e0q ,2013-02-25 11:32:23,0,0,0,0,https://weibo.com/88tc
724,88同城分类网_88tc_com,:#金杨五街坊##浦东租房#精装修，地铁沿线，交通便利，60平米南向。点击查看 http://t.cn/zYNhzuC ,2013-02-22 14:51:00,0,0,0,0,https://weibo.com/88tc
726,88同城分类网_88tc_com,":#锦南花苑##浦东租房#地铁4,6  精装全配  稀缺3房 锦南花园。点击查看 http://t.cn/zYCGajN ",2013-02-21 21:19:13,0,0,0,0,https://weibo.com/88tc
728,88同城分类网_88tc_com,:#宝安大厦##浦东租房#宝安大厦 免费帮您找房！。点击查看 http://t.cn/zY9AO7P ,2013-02-20 21:06:13,0,0,0,0,https://weibo.com/88tc
730,88同城分类网_88tc_com,:#市政大楼##浦东租房#世纪大道地铁口电梯两房，精装修，有钥匙 随时看房。点击查看 http://t.cn/zY9A9UY ,2013-02-20 21:04:40,0,0,0,0,https://weibo.com/88tc
732,88同城分类网_88tc_com,:#梅园三村##浦东租房#梅园三村超大两房精装修，独家委托，急租。点击查看 http://t.cn/zY9Aoig ,2013-02-20 21:04:02,0,0,0,0,https://weibo.com/88tc
734,88同城分类网_88tc_com,:#黄山新村##浦东租房#推荐！65平米2房3000元/月，享受生活的快感！！！。点击查看 http://t.cn/zY9wQ6H ,2013-02-20 20:48:40,0,0,0,0,https://weibo.com/88tc
736,88同城分类网_88tc_com,:#凌兆新村##浦东租房#凌兆新村 6号线零距离 精装修全配 随时看房。点击查看 http://t.cn/zYKDSo1 ,2013-02-20 17:12:44,0,0,0,0,https://weibo.com/88tc
738,88同城分类网_88tc_com,:#上钢一村##浦东租房#上钢一村2600元/月，正规好房型出租。点击查看 http://t.cn/zYKe9vF ,2013-02-20 16:54:03,0,0,0,0,https://weibo.com/88tc
740,88同城分类网_88tc_com,:#文兰小区##浦东租房#房东首次出租一房一厅~图片真实~近地铁4.6号线。点击查看 http://t.cn/zYokXz9 ,2013-02-19 21:11:26,0,0,0,0,https://weibo.com/88tc
742,88同城分类网_88tc_com,:#金浦小区##浦东租房#房东自住~一室一厅首次出租 真实房源 劲爆房源。点击查看 http://t.cn/zYavalc ,2013-02-17 10:11:51,0,0,0,0,https://weibo.com/88tc
744,88同城分类网_88tc_com,":#峨山小区##浦东租房#全新装修一室户,黄金楼层 地铁4.6号线 采光无敌。点击查看 http://t.cn/zYav6yK ",2013-02-17 10:10:51,0,0,0,0,https://weibo.com/88tc
746,88同城分类网_88tc_com,:#大华锦绣华城##浦东租房#锦绣华城1765弄两房出租 小区中心位置 精装修全配。点击查看 http://t.cn/zY9kmU2 ,2013-02-21 15:36:29,0,0,0,0,https://weibo.com/88tc
748,88同城分类网_88tc_com,:#宝安大厦##浦东租房#宝安大厦 免费帮您找房！。点击查看 http://t.cn/zY9AO7P ,2013-02-20 21:06:13,0,0,0,0,https://weibo.com/88tc
750,88同城分类网_88tc_com,:#市政大楼##浦东租房#世纪大道地铁口电梯两房，精装修，有钥匙 随时看房。点击查看 http://t.cn/zY9A9UY ,2013-02-20 21:04:40,0,0,0,0,https://weibo.com/88tc
752,88同城分类网_88tc_com,:#梅园三村##浦东租房#梅园三村超大两房精装修，独家委托，急租。点击查看 http://t.cn/zY9Aoig ,2013-02-20 21:04:02,0,0,0,0,https://weibo.com/88tc
754,88同城分类网_88tc_com,:#黄山新村##浦东租房#推荐！65平米2房3000元/月，享受生活的快感！！！。点击查看 http://t.cn/zY9wQ6H ,2013-02-20 20:48:40,0,0,0,0,https://weibo.com/88tc
756,88同城分类网_88tc_com,:#凌兆新村##浦东租房#凌兆新村 6号线零距离 精装修全配 随时看房。点击查看 http://t.cn/zYKDSo1 ,2013-02-20 17:12:44,0,0,0,0,https://weibo.com/88tc
758,88同城分类网_88tc_com,:#上钢一村##浦东租房#上钢一村2600元/月，正规好房型出租。点击查看 http://t.cn/zYKe9vF ,2013-02-20 16:54:03,0,0,0,0,https://weibo.com/88tc
760,88同城分类网_88tc_com,:#文兰小区##浦东租房#房东首次出租一房一厅~图片真实~近地铁4.6号线。点击查看 http://t.cn/zYokXz9 ,2013-02-19 21:11:26,0,0,0,0,https://weibo.com/88tc
762,88同城分类网_88tc_com,:#金浦小区##浦东租房#房东自住~一室一厅首次出租 真实房源 劲爆房源。点击查看 http://t.cn/zYavalc ,2013-02-17 10:11:51,0,0,0,0,https://weibo.com/88tc
764,88同城分类网_88tc_com,:#南新四村##浦东租房#年底好房优惠大放送~真实图片，包宽带！有钥匙！。点击查看 http://t.cn/zY6q4EF ,2013-02-15 12:47:52,0,0,0,0,https://weibo.com/88tc
766,88同城分类网_88tc_com,:#绿星小区##浦东租房#寒风中东奔西跑找房子累不累啊？绝对好房，就这套了！。点击查看 http://t.cn/zY6qLZ2 ,2013-02-15 12:47:09,0,0,0,0,https://weibo.com/88tc
768,88同城分类网_88tc_com,:#锦博苑##浦东租房#次新房 地铁七号线锦绣路站 精装修拎包入住。点击查看 http://t.cn/zY62DdJ ,2013-02-15 10:08:40,0,0,0,0,https://weibo.com/88tc
770,88同城分类网_88tc_com,:#世茂滨江花园##浦东租房#装修清爽 价格便宜 拎包入住。点击查看 http://t.cn/zY62O5t ,2013-02-15 09:57:43,0,0,0,0,https://weibo.com/88tc
771,88同城分类网_88tc_com,:#陆家嘴国际华城##浦东租房#陆家嘴国际华城，小区中心位置，50万的豪华装修，有钥匙随时看。点击查看 http://t.cn/zYiQkzh ,2013-02-14,0,0,0,0,https://weibo.com/88tc
773,88同城分类网_88tc_com,:#莲溪六村##浦东租房#北蔡 干净 双南户型 好看房子 随时入住。点击查看 http://t.cn/zYiV2Rm ,2013-02-14 13:18:30,0,0,0,0,https://weibo.com/88tc
775,88同城分类网_88tc_com,:#玉兰小区##浦东租房#仅租1600   正规一室一厅 原始 绝对超值。点击查看 http://t.cn/zYiV2M4 ,2013-02-14 13:18:20,0,0,0,0,https://weibo.com/88tc
777,88同城分类网_88tc_com,:#大华锦绣华城第4街区##浦东租房#锦绣华城、纯毛坯房出租、办公首选、坐拥城市繁华。点击查看 http://t.cn/zYUefP6 ,2013-02-01 12:45:19,0,0,0,0,https://weibo.com/88tc
779,88同城分类网_88tc_com,:#同盛大厦##浦东租房#浦东5A甲级办公楼 整层面积现房 带装修 整层可分割出租。点击查看 http://t.cn/zYLnRCA ,2013-01-30 14:01:13,0,0,0,0,https://weibo.com/88tc
781,88同城分类网_88tc_com,:#久阳滨江公寓##浦东租房#陆家嘴五星级酒店服务式公寓，温馨服务，看房有钥匙。点击查看 http://t.cn/zY2Fi1A ,2013-01-29 20:55:05,0,0,0,0,https://weibo.com/88tc
783,88同城分类网_88tc_com,:#福山小区##浦东租房#福山小区大两房，随时入住，看房有钥匙，急。点击查看 http://t.cn/zY2FicJ ,2013-01-29 20:54:55,0,0,0,0,https://weibo.com/88tc
785,88同城分类网_88tc_com,:#梅园新村##浦东租房#可短租 二四六九号线 钥匙房 真实照片。点击查看 http://t.cn/zY2Ffm3 ,2013-01-29 20:53:21,0,0,0,0,https://weibo.com/88tc
787,88同城分类网_88tc_com,:#峨山小区##浦东租房#峨山小区中等装修可短租，随便短租多久都可以，急租。点击查看 http://t.cn/zY29pPH ,2013-01-29 12:30:54,0,0,0,0,https://weibo.com/88tc
789,88同城分类网_88tc_com,:#樱花路89弄##浦东租房#地铁2号线2007年新小区稀有一房急租   看房方便。点击查看 http://t.cn/zYwPYLS ,2013-01-26 21:40:52,0,0,0,0,https://weibo.com/88tc
791,88同城分类网_88tc_com,:#云台大厦##浦东租房#云台大厦，187平办公用房，可以落公司名。点击查看 http://t.cn/zYwPW74 ,2013-01-26 21:39:58,0,0,0,0,https://weibo.com/88tc
793,88同城分类网_88tc_com,:#崂山四村##浦东租房#房间朝南阳光直射 装修好干净清爽。点击查看 http://t.cn/zYwPOO0 ,2013-01-26 21:39:49,0,0,0,0,https://weibo.com/88tc
795,88同城分类网_88tc_com,:#由由一村##浦东租房#真实照片，临地铁中装全配温馨三房，承载你梦想起航！。点击查看 http://t.cn/zYZwhix ,2013-01-25 20:26:23,0,0,0,0,https://weibo.com/88tc
797,88同城分类网_88tc_com,:#金杨九街坊##浦东租房#金杨九街坊 精装双南2房 金桥地铁 首租 急急急。点击查看 http://t.cn/zY2s9jR ,2013-01-29 21:17:47,0,0,0,0,https://weibo.com/88tc
799,88同城分类网_88tc_com,:#久阳滨江公寓##浦东租房#陆家嘴五星级酒店服务式公寓，温馨服务，看房有钥匙。点击查看 http://t.cn/zY2Fi1A ,2013-01-29 20:55:05,0,0,0,0,https://weibo.com/88tc
801,88同城分类网_88tc_com,:#福山小区##浦东租房#福山小区大两房，随时入住，看房有钥匙，急。点击查看 http://t.cn/zY2FicJ ,2013-01-29 20:54:55,0,0,0,0,https://weibo.com/88tc
803,88同城分类网_88tc_com,:#梅园新村##浦东租房#可短租 二四六九号线 钥匙房 真实照片。点击查看 http://t.cn/zY2Ffm3 ,2013-01-29 20:53:21,0,0,0,0,https://weibo.com/88tc
805,88同城分类网_88tc_com,:#峨山小区##浦东租房#峨山小区中等装修可短租，随便短租多久都可以，急租。点击查看 http://t.cn/zY29pPH ,2013-01-29 12:30:54,0,0,0,0,https://weibo.com/88tc
807,88同城分类网_88tc_com,:#樱花路89弄##浦东租房#地铁2号线2007年新小区稀有一房急租   看房方便。点击查看 http://t.cn/zYwPYLS ,2013-01-26 21:40:52,0,0,0,0,https://weibo.com/88tc
809,88同城分类网_88tc_com,:#云台大厦##浦东租房#云台大厦，187平办公用房，可以落公司名。点击查看 http://t.cn/zYwPW74 ,2013-01-26 21:39:58,0,0,0,0,https://weibo.com/88tc
811,88同城分类网_88tc_com,:#崂山四村##浦东租房#房间朝南阳光直射 装修好干净清爽。点击查看 http://t.cn/zYwPOO0 ,2013-01-26 21:39:49,0,0,0,0,https://weibo.com/88tc
813,88同城分类网_88tc_com,:#新世纪花苑二期##浦东租房#7号线一房一厅中等装修只需1600好房，。点击查看 http://t.cn/zY7yzAk ,2013-01-24 09:45:28,0,0,0,0,https://weibo.com/88tc
815,88同城分类网_88tc_com,:#梅园四街坊##浦东租房#紧靠世纪大道地铁站 地铁2469 居家装修 全配。点击查看 http://t.cn/zYhlqBU ,2013-01-23 21:19:02,0,0,0,0,https://weibo.com/88tc
817,88同城分类网_88tc_com,:#峨山小区##浦东租房#峨山小区新装修一房。点击查看 http://t.cn/zYhGMVL ,2013-01-23 14:26:40,0,0,0,0,https://weibo.com/88tc
819,88同城分类网_88tc_com,:#通宇加东花园##浦东租房#真实照片，沪南路北蔡核心地段全装配大两房，给你无限渴望！。点击查看 http://t.cn/zYPgCnr ,2013-01-23 08:52:53,0,0,0,0,https://weibo.com/88tc
821,88同城分类网_88tc_com,:#新都花园##浦东租房#温馨居家三房~回家的诱惑~物业好车位足~紧靠地铁。点击查看 http://t.cn/zYPga22 ,2013-01-23 08:51:02,0,0,0,0,https://weibo.com/88tc
823,88同城分类网_88tc_com,:#浦建小区##浦东租房#浦建小区精装修2900元，交通便利，出地铁就到家。点击查看 http://t.cn/zYvnwtI ,2013-01-22 09:51:09,0,0,0,0,https://weibo.com/88tc
825,88同城分类网_88tc_com,:#蓝高小区##浦东租房#温馨居家第一次出租~地铁口2分钟~近软件园区。点击查看 http://t.cn/zjsMwbc ,2013-01-20 21:41:50,0,0,0,0,https://weibo.com/88tc
827,88同城分类网_88tc_com,:#乳山四村##浦东租房#陆家嘴——全新刚挂牌的一房一厅——急租。点击查看 http://t.cn/zjs53RU ,2013-01-20 19:57:56,0,0,0,0,https://weibo.com/88tc
829,88同城分类网_88tc_com,:#东陆安居苑九街坊##浦东租房#房子看了就知道，2400元/月东南向。点击查看 http://t.cn/zjsGrdn ,2013-01-20 19:15:36,0,0,0,0,https://weibo.com/88tc
831,88同城分类网_88tc_com,:#南泉北路1040弄##浦东租房#八佰伴中装一房1900 近世纪大道地铁站。点击查看 http://t.cn/zjFGZcD ,2013-01-19 16:24:19,0,0,0,0,https://weibo.com/88tc
833,88同城分类网_88tc_com,:#临河小区##浦东租房#房东第一次出租，配置高档齐全，温馨好房。点击查看 http://t.cn/zjFyiut ,2013-01-19 15:09:11,0,0,0,0,https://weibo.com/88tc
835,88同城分类网_88tc_com,:#塘东小区##浦东租房#真房源推荐~紧靠4，6号蓝村路地铁~值。点击查看 http://t.cn/zjk9AwK ,2013-01-18 20:28:06,0,0,0,0,https://weibo.com/88tc
837,88同城分类网_88tc_com,:#仁恒河滨城##浦东租房#《仁恒河滨城租售专家》Yanlord Town  带地暖！。点击查看 http://t.cn/zjeRMlt ,2013-01-16 22:36:19,0,0,0,0,https://weibo.com/88tc
839,88同城分类网_88tc_com,:#东欣高层##浦东租房#潍坊新村东欣高层 2室1厅65平米 精装修 押一付三。点击查看 http://t.cn/zjeRIvv ,2013-01-16 22:35:47,0,0,0,0,https://weibo.com/88tc
841,88同城分类网_88tc_com,:#梅园五街坊##浦东租房#性价比高 地铁房子 采光充足 有钥匙。点击查看 http://t.cn/zjeTzal ,2013-01-16 21:07:46,0,0,0,0,https://weibo.com/88tc
843,88同城分类网_88tc_com,:#东方城市花园##浦东租房#此房首次出租 豪华装修 拎包即可入住。点击查看 http://t.cn/zjeJapL ,2013-01-16 15:00:14,0,0,0,1,https://weibo.com/88tc
845,88同城分类网_88tc_com,:#潍坊十村##浦东租房#麻雀虽小五脏俱全，中等装修，家具家电齐全。点击查看 http://t.cn/zjgJZJG ,2013-01-15 12:40:57,0,0,0,0,https://weibo.com/88tc
847,88同城分类网_88tc_com,:#德圣苑##浦东租房#北蔡近车站 居家2房 首次出租 附真图。点击查看 http://t.cn/zjd1qYP ,2013-01-14 20:05:21,0,0,0,0,https://weibo.com/88tc
849,88同城分类网_88tc_com,:#玉兰小区##浦东租房#底楼送天井 新装修新配置 2房 附真图。点击查看 http://t.cn/zjd1AOE ,2013-01-14 20:02:33,0,0,0,0,https://weibo.com/88tc
851,88同城分类网_88tc_com,:#荷三小区##浦东租房#荷三小区 是精装修的 家电家具全配 近荷五小区。点击查看 http://t.cn/zjdpDDO ,2013-01-14 14:04:18,0,0,0,0,https://weibo.com/88tc
853,上海租房汇总,":#浦东租房# 现有龙阳路地铁站对面万邦都市花园小区合租房出租.家具家电全配,价钱便宜.朝南大房间1400元,有厨房可做饭.联系18616331711QQ25908352 ",2013-01-04 12:08:20,0,0,2,4,https://weibo.com/u/3198758671
854,oneear-Dunelm,:房子在哪里呀房子在哪里？[泪][泪][泪]有没有人有好房合租阿[泪][泪][泪]#浦东租房# ,2012-10-15,0,0,0,5,https://weibo.com/wenwenomygod
855,不争___,:#浦东租房#有没有浦东的姑娘要租房的？我租了世纪公园附近的房子，使用面积25平米带飘窗全配，700/月，想找个有正当工作的姑娘合租，下午6点以后及周末可看房，有意请留言或私信。 ,2012-04-15,0,0,1,11,https://weibo.com/ziyinzhenren
856,上海租房021,:#上海租房##浦东租房# 浦东租房 三林租房 安临小区租房 温馨小屋出租 1室1卫(整租) 1800元/月 (付3押1) 13816598769   更多浦东租房信息 http://t.cn/htCOZr ,2011-04-15,0,0,0,1,https://weibo.com/shanghairent
857,上海租房021,:#上海租房##浦东租房# 浦东租房 花木租房 培育苑租房 芳华路精装修实体墙单间出租 2室1厅1卫(合租) 1500元/月 (付3押1) 13621797824   更多浦东租房信息 http://t.cn/hrqKm9 ,2011-04-11,0,0,0,1,https://weibo.com/shanghairent
858,上海租房021,:#上海租房##浦东租房##世纪公园租房# 锦绣满堂 低价出租锦绣满堂4800/两房 113平米 2室2厅1卫 4800元/月 张见: 18717967925 ,2011-03-24,0,0,0,1,https://weibo.com/shanghairent
859,上海租房021,:#上海租房##浦东租房##世纪公园租房# 锦绣满堂 低价出租锦绣满堂4800/两房 113平米 2室2厅1卫 4800元/月 张见: 18717967925 ,2011-03-23,0,0,0,0,https://weibo.com/shanghairent
860,上海租房021,:#上海租房##浦东租房##世纪公园租房# 锦绣满堂 低价出租锦绣满堂4800/两房 113平米 2室2厅1卫 4800元/月 张见: 18717967925 ,2011-03-24,0,0,0,1,https://weibo.com/shanghairent
861,上海租房021,:#上海租房##浦东租房##世纪公园租房# 锦绣满堂 低价出租锦绣满堂4800/两房 113平米 2室2厅1卫 4800元/月 张见: 18717967925 ,2011-03-23,0,0,0,0,https://weibo.com/shanghairent
862,上海租房021,:#上海租房##浦东租房##花木租房# 上海绿城 精装修，欢迎看房！ 98平米 2室2厅1卫 6500元/月 李双甫: 18702183507 ,2011-03-15,0,0,0,0,https://weibo.com/shanghairent
863,上海租房021,:#上海租房##浦东租房# 浦东 世纪公园 银良公寓 世纪公园附近精装修两室出租 2室1厅1卫(整租) 3500元/月 (付3押1) 13402133239  更多浦东租房信息 http://sinaurl.cn/htCOZr ,2011-03-14,0,0,0,0,https://weibo.com/shanghairent
864,上海租房021,:#上海租房##浦东租房##三林租房# 出售 尚东国际名园 豪华装修30万，送产权车位，采光佳！ 143平米 3室2厅2卫 4400000元/月 王安全: 13061621613 ,2011-03-14,0,0,0,0,https://weibo.com/shanghairent
865,上海租房021,:#上海租房##浦东租房##三林租房# 出售尚东国际一手房代理省税费 房型正气楼层佳，可更名，745万 226平米 4室3厅3卫 7450000元/月 王安全: 13061621613 ,2011-03-14,0,0,0,0,https://weibo.com/shanghairent
866,上海租房021,:#上海租房##浦东租房# 玉兰香苑一期 张江，一房一厅，61平米，齐全因离开上海急租！ 1室1厅1卫 1750元/月 (面议) 18721441017   更多浦东租房信息 http://sinaurl.cn/htCOZr ,2011-03-09,0,0,0,0,https://weibo.com/shanghairent
867,上海租房021,:#上海租房##浦东租房# 张江镇中科路十村2500弄三期 出租多套一室一厨一卫 1室1厅1卫 800元/月 (面议) 13023266029  更多浦东租房信息 http://sinaurl.cn/htCOZr ,2011-03-08,0,0,0,0,https://weibo.com/shanghairent
868,上海租房021,:#上海租房##浦东租房# 浦东智汇园 智汇园毛胚房出租，商住均可。 4室2厅1卫 2800元/月 (押二付三) 13816336880 ,2011-03-06,0,0,0,0,https://weibo.com/shanghairent
869,上海租房021,:#上海租房##浦东租房##金桥租房# 金桥新村 金桥公园附近，6号地铁附近，租金实惠 70.00平米 2室1厅1卫 2000元/月 张苗苗: 13817025583 ,2011-03-09,0,0,1,0,https://weibo.com/shanghairent
870,上海租房021,:#上海租房##浦东租房# 玉兰香苑一期 张江，一房一厅，61平米，齐全因离开上海急租！ 1室1厅1卫 1750元/月 (面议) 18721441017   更多浦东租房信息 http://sinaurl.cn/htCOZr ,2011-03-09,0,0,0,0,https://weibo.com/shanghairent
871,上海租房021,:#上海租房##浦东租房# 张江镇中科路十村2500弄三期 出租多套一室一厨一卫 1室1厅1卫 800元/月 (面议) 13023266029  更多浦东租房信息 http://sinaurl.cn/htCOZr ,2011-03-08,0,0,0,0,https://weibo.com/shanghairent
872,上海租房021,:#上海租房##浦东租房# 大唐盛世花园一期 龙阳路地铁站精装全配环境优美好房出租 3室2厅2卫 1380元/月 (押一付三) 18221999756 ,2011-03-03,0,0,0,0,https://weibo.com/shanghairent
873,上海租房021,:#上海租房##浦东租房# 浦东 张江 川杨新苑三期 川杨新苑三期一室户原价900转租 1室1卫(整租) 900元/月 (付3押1) 13585619953 ,2011-03-03,0,0,0,0,https://weibo.com/shanghairent
874,上海租房021,:#上海租房##浦东租房# 明丰花园 三林大房出租 非分割房 3室2厅1厨2卫1阳台 12平方米 1000元/月 15900620496 ,2011-03-02,0,0,0,0,https://weibo.com/shanghairent
875,上海租房021,:#上海租房##浦东租房# 浦东 源深 桃林小区 浦东进才中学旁边（北面）的高层租赁房 3室1厅1卫(整租) 5000元/月 (付3押1) 13162124688 ,2011-03-02,0,0,0,0,https://weibo.com/shanghairent
876,努力娶到王可可,:#上海租房##浦东租房##上海合租# 六号线北洋泾地铁口十分钟，生活便利，出行方便，share一室一厅，1300，押一付三无中介费，求女孩子一起分担房租。 ,01月03日,0,0,1,2,https://weibo.com/u/5724489976
